KOR,MATH,GRADE
83,78,A
15,38,C
15,68,B
70,15,B
97,32,B
16,82,B
31,10,C
81,52,B
84,89,A
96,17,B
42,84,B
45,68,B
75,52,B
31,34,C
54,32,B
55,72,B
43,24,C
21,32,C
43,93,B
45,42,B
58,42,B
21,98,B
21,21,C
55,87,A
21,38,C
81,14,B
16,28,C
68,17,B
29,64,B
87,51,B
30,73,B
57,66,B
36,10,C
41,93,B
73,48,B
64,39,B
78,66,A
75,12,B
33,66,B
53,45,B
18,98,B
61,92,A
17,59,C
59,26,B
18,12,C
71,66,B
88,26,B
27,78,B
26,14,C
67,61,B
23,81,B
45,36,B
58,85,A
92,28,B
42,70,B
30,76,B
32,93,B
99,91,A
70,49,B
35,22,C
13,96,B
87,31,B
48,42,B
39,39,C
73,74,A
20,35,C
54,21,C
44,88,B
85,50,B
84,70,A
38,71,B
71,24,B
56,44,B
14,90,B
21,31,C
40,41,B
32,15,C
36,31,C
98,89,A
69,49,B
62,97,A
92,55,A
50,10,C
13,100,B
55,90,A
42,89,B
63,36,B
80,35,B
89,31,B
68,73,A
82,34,B
95,63,A
54,22,C
58,14,C
39,58,B
75,19,B
25,88,B
75,80,A
48,12,C
64,74,B
64,72,B
34,47,B
60,33,B
58,82,A
72,72,A
52,31,B
86,14,B
56,53,B
94,46,A
30,89,B
35,30,C
19,14,C
21,37,C
77,45,B
24,16,C
27,99,B
46,81,B
26,73,B
65,18,B
97,96,A
67,32,B
84,50,B
63,80,A
59,22,B
64,50,B
23,87,B
84,93,A
43,92,B
18,19,C
91,88,A
10,100,B
35,58,B
53,96,A
76,61,B
14,65,C
40,88,B
88,77,A
94,87,A
40,78,B
15,49,C
59,73,B
33,75,B
61,12,C
58,33,B
38,78,B
69,79,A
26,76,B
100,25,B
87,62,A
24,48,C
41,12,C
79,50,B
39,40,C
22,98,B
36,55,B
21,10,C
14,29,C
88,10,B
42,93,B
83,15,B
53,71,B
71,34,B
45,14,C
93,58,A
12,43,C
85,40,B
80,77,A
47,34,B
98,62,A
81,17,B
11,98,B
49,39,B
64,17,B
91,15,B
63,49,B
14,32,C
84,50,B
84,64,A
38,65,B
81,91,A
16,10,C
64,93,A
98,89,A
43,12,C
21,56,C
41,43,B
54,28,B
58,56,B
34,100,B
98,94,A
33,25,C
76,66,A
40,73,B
69,48,B
81,26,B
11,47,C
37,76,B
56,21,C
46,90,B
39,16,C
24,39,C
23,26,C
65,99,A
47,84,B
70,69,B
31,85,B
32,45,C
47,95,A
60,84,A
54,78,B
72,53,B
84,44,B
34,23,C
88,88,A
59,81,A
25,70,B
97,21,B
41,57,B
67,80,A
12,46,C
52,75,B
79,16,B
23,21,C
26,72,B
58,74,B
84,83,A
48,48,B
66,68,B
32,94,B
46,25,C
92,94,A
97,86,A
37,45,B
76,60,B
31,83,B
97,70,A
83,82,A
80,54,B
31,55,B
69,24,B
46,31,C
97,68,A
22,36,C
59,60,B
54,46,B
53,56,B
20,69,B
14,14,C
82,15,B
42,24,C
71,70,A
50,35,B
73,83,A
68,54,B
54,17,C
23,57,B
16,34,C
44,69,B
92,92,A
86,41,B
71,67,B
62,63,B
30,65,B
45,52,B
32,57,B
96,13,B
13,65,C
22,12,C
99,32,B
81,73,A
48,77,B
62,18,B
12,79,B
49,56,B
75,41,B
76,45,B
73,52,B
47,53,B
49,31,B
17,28,C
45,46,B
53,41,B
32,31,C
74,81,A
52,74,B
22,73,B
43,89,B
58,52,B
36,90,B
24,11,C
86,91,A
71,33,B
82,48,B
54,31,B
80,17,B
57,15,C
11,15,C
92,54,A
56,72,B
71,15,B
13,80,B
45,59,B
93,75,A
30,60,B
75,19,B
29,48,C
43,87,B
56,92,A
27,58,B
81,48,B
30,69,B
10,80,B
38,75,B
61,96,A
81,45,B
17,80,B
13,30,C
64,57,B
30,46,C
100,30,B
75,17,B
32,73,B
85,85,A
96,81,A
48,55,B
55,18,C
84,17,B
32,25,C
34,85,B
23,16,C
27,45,C
53,10,C
37,46,B
70,13,B
49,64,B
43,95,B
90,62,A
47,13,C
20,51,C
64,66,B
84,40,B
72,87,A
74,37,B
72,92,A
72,38,B
62,22,B
41,26,C
77,19,B
85,49,B
76,43,B
31,75,B
49,50,B
54,53,B
76,91,A
41,68,B
96,98,A
67,35,B
22,97,B
90,21,B
95,99,A
48,96,A
76,55,B
85,26,B
44,25,C
70,98,A
72,26,B
61,36,B
51,13,C
12,68,B
38,52,B
80,70,A
84,41,B
18,48,C
71,66,B
62,46,B
72,38,B
47,13,C
16,76,B
34,66,B
69,72,A
73,92,A
70,35,B
76,90,A
93,61,A
85,60,A
29,61,B
33,18,C
51,67,B
40,30,C
36,32,C
57,40,B
59,42,B
48,58,B
55,71,B
66,55,B
26,100,B
10,18,C
93,75,A
84,67,A
50,94,A
64,97,A
87,11,B
43,62,B
13,18,C
84,57,A
37,47,B
68,49,B
63,58,B
47,15,C
45,66,B
33,99,B
19,88,B
42,41,B
82,100,A
98,99,A
77,10,B
83,53,B
84,52,B
37,15,C
26,81,B
69,71,A
23,91,B
77,56,B
56,74,B
53,19,C
98,67,A
89,98,A
42,74,B
18,39,C
70,93,A
48,33,B
85,39,B
24,15,C
63,18,B
39,24,C
42,30,C
96,39,B
59,43,B
50,90,A
94,43,B
67,46,B
96,31,B
95,27,B
26,83,B
51,89,A
23,17,C
98,71,A
56,88,A
74,76,A
62,28,B
76,64,A
95,54,A
93,80,A
91,73,A
19,46,C
94,98,A
29,79,B
64,87,A
24,35,C
83,23,B
42,24,C
37,24,C
92,38,B
28,23,C
71,67,B
48,26,C
41,37,C
77,69,A
40,20,C
74,94,A
18,77,B
40,36,C
19,74,B
82,78,A
16,21,C
51,60,B
21,26,C
19,17,C
85,33,B
22,93,B
34,65,B
44,99,A
15,14,C
12,56,C
26,20,C
33,32,C
24,82,B
24,35,C
85,88,A
93,34,B
74,68,A
63,14,C
81,40,B
12,72,B
82,58,A
97,92,A
83,14,B
34,25,C
71,15,B
31,61,B
95,21,B
62,82,A
81,72,A
90,88,A
23,31,C
63,55,B
90,33,B
100,61,A
41,89,B
67,76,A
80,11,B
31,48,C
34,59,B
12,81,B
42,57,B
13,39,C
80,84,A
11,63,C
94,49,A
86,16,B
71,99,A
60,64,B
77,48,B
92,33,B
13,62,C
16,24,C
44,91,B
14,11,C
97,14,B
50,98,A
43,39,B
28,48,C
16,91,B
55,57,B
88,73,A
85,41,B
20,54,C
11,31,C
99,94,A
78,62,A
40,46,B
58,11,C
15,26,C
58,36,B
24,58,B
65,78,A
51,53,B
64,27,B
71,58,B
75,89,A
71,90,A
29,60,B
27,99,B
45,41,B
23,57,B
58,29,B
89,63,A
57,11,C
51,35,B
80,62,A
63,81,A
76,20,B
53,33,B
30,54,B
27,59,B
40,20,C
81,43,B
80,77,A
93,71,A
54,29,B
99,92,A
49,41,B
98,28,B
34,48,B
38,68,B
33,95,B
27,29,C
14,38,C
38,91,B
93,27,B
56,46,B
79,34,B
33,49,B
33,48,B
36,70,B
91,28,B
69,53,B
41,56,B
80,46,B
54,62,B
81,96,A
28,51,C
87,58,A
33,68,B
82,11,B
36,78,B
43,44,B
62,23,B
37,88,B
60,44,B
10,16,C
28,73,B
38,96,B
33,69,B
25,68,B
78,48,B
12,14,C
55,95,A
45,50,B
41,96,B
95,81,A
50,80,B
73,60,B
16,63,C
36,69,B
66,40,B
74,22,B
24,36,C
24,95,B
50,51,B
25,73,B
93,88,A
90,66,A
45,44,B
16,21,C
49,94,A
18,14,C
11,29,C
78,23,B
67,90,A
35,99,B
30,82,B
47,35,B
86,95,A
58,26,B
64,76,A
95,63,A
40,51,B
47,29,C
33,76,B
73,17,B
97,63,A
57,33,B
13,41,C
38,68,B
95,28,B
26,36,C
31,47,C
38,100,B
38,40,C
44,17,C
59,59,B
48,29,C
54,35,B
50,21,C
80,19,B
12,49,C
32,52,B
73,20,B
11,83,B
83,78,A
63,59,B
44,14,C
43,67,B
34,23,C
53,92,A
39,72,B
28,41,C
21,52,C
57,84,A
23,93,B
74,49,B
56,98,A
75,51,B
55,11,C
88,75,A
35,100,B
62,97,A
90,89,A
65,19,B
94,93,A
93,66,A
56,33,B
93,86,A
57,15,C
60,73,B
57,24,B
54,12,C
96,11,B
28,98,B
65,74,B
89,48,B
65,49,B
38,39,C
52,64,B
97,23,B
14,15,C
30,13,C
78,77,A
38,10,C
32,71,B
14,79,B
65,57,B
61,16,C
44,41,B
89,90,A
23,21,C
60,51,B
34,41,C
17,26,C
73,44,B
43,84,B
12,57,C
60,30,B
71,100,A
95,95,A
97,35,B
19,26,C
53,28,B
36,19,C
75,48,B
64,60,B
82,39,B
81,72,A
95,11,B
14,89,B
62,45,B
15,40,C
33,84,B
90,68,A
28,63,B
16,51,C
48,77,B
55,84,B
31,39,C
97,45,A
97,50,A
53,75,B
96,29,B
53,71,B
55,36,B
24,44,C
30,49,C
30,76,B
15,91,B
55,92,A
36,60,B
73,57,B
34,87,B
55,70,B
12,17,C
27,57,B
97,33,B
38,63,B
23,31,C
62,62,B
79,20,B
26,60,B
45,35,B
20,81,B
16,98,B
75,54,B
70,13,B
34,80,B
82,22,B
28,66,B
83,40,B
86,78,A
30,80,B
93,30,B
60,52,B
86,44,B
74,78,A
59,25,B
32,29,C
17,48,C
96,51,A
81,19,B
26,45,C
54,17,C
62,79,A
53,70,B
28,73,B
67,76,A
47,90,B
54,31,B
35,34,C
69,35,B
69,13,B
91,56,A
72,71,A
12,35,C
64,43,B
72,36,B
74,88,A
56,16,C
65,50,B
85,77,A
44,38,B
35,78,B
64,89,A
32,45,C
58,51,B
22,17,C
11,42,C
24,88,B
90,78,A
62,10,C
31,56,B
61,49,B
28,85,B
79,74,A
88,14,B
87,12,B
71,67,B
89,31,B
72,89,A
61,24,B
94,78,A
32,72,B
21,52,C
57,62,B
53,82,B
83,83,A
94,43,B
59,58,B
99,19,B
56,92,A
56,64,B
83,66,A
32,48,B
10,23,C
14,33,C
51,42,B
91,56,A
78,61,B
28,73,B
51,81,B
12,29,C
69,62,B
33,12,C
27,57,B
78,97,A
87,77,A
24,86,B
81,40,B
18,82,B
47,40,B
19,94,B
70,63,B
83,88,A
80,64,A
84,26,B
31,100,B
86,34,B
29,54,B
36,28,C
31,96,B
94,66,A
72,28,B
89,31,B
21,60,B
30,97,B
14,100,B
26,94,B
28,85,B
88,33,B
56,73,B
59,35,B
74,44,B
71,39,B
14,31,C
91,14,B
24,63,B
29,33,C
19,53,C
60,73,B
29,45,C
37,81,B
86,53,B
27,43,C
91,75,A
59,36,B
33,81,B
71,64,B
12,15,C
51,92,A
40,76,B
98,16,B
90,57,A
36,95,B
71,82,A
88,19,B
92,36,B
90,76,A
24,60,B
78,78,A
47,15,C
69,64,B
32,71,B
26,93,B
59,100,A
16,86,B
87,91,A
16,63,C
72,89,A
17,32,C
26,81,B
98,25,B
37,46,B
18,83,B
28,89,B
55,39,B
60,70,B
97,58,A
65,15,B
43,84,B
58,56,B
31,92,B
60,27,B
80,77,A
78,83,A
12,36,C
35,65,B
39,15,C
61,87,A
61,16,C
14,84,B
11,38,C
74,14,B
58,74,B
76,75,A
39,96,B
91,63,A
72,61,B
17,79,B
78,22,B
23,23,C
57,82,B
47,13,C
10,11,C
51,67,B
94,45,B
13,77,B
50,65,B
98,64,A
97,62,A
63,43,B
36,33,C
10,37,C
100,83,A
69,94,A
39,74,B
33,53,B
40,42,B
40,62,B
80,98,A
21,59,B
75,72,A
49,32,B
97,22,B
100,78,A
23,10,C
40,39,C
41,50,B
72,48,B
21,100,B
44,40,B
53,95,A
51,46,B
73,58,B
14,57,C
58,80,B
81,89,A
21,87,B
47,92,B
49,52,B
86,58,A
47,23,C
84,69,A
83,46,B
83,24,B
84,53,B
82,44,B
86,89,A
58,51,B
13,18,C
42,41,B
51,99,A
82,65,A
28,93,B
99,48,A
54,61,B
36,29,C
34,100,B
69,11,B
29,48,C
27,74,B
47,46,B
49,86,B
13,20,C
11,31,C
86,76,A
21,29,C
73,65,B
37,73,B
81,85,A
18,15,C
56,39,B
19,42,C
75,29,B
43,45,B
64,69,B
76,36,B
59,50,B
50,70,B
29,39,C
71,54,B
26,61,B
86,85,A
99,31,B
26,27,C
74,50,B
94,50,A
62,63,B
80,85,A
31,78,B
19,19,C
29,85,B
85,91,A
92,77,A
80,37,B
70,92,A
14,81,B
40,25,C
29,92,B
58,83,A
97,41,B
92,88,A
100,92,A
85,43,B
99,39,B
72,94,A
42,10,C
90,43,B
45,14,C
56,37,B
73,94,A
65,55,B
32,30,C
98,74,A
92,14,B
76,99,A
50,80,B
21,96,B
46,87,B
98,86,A
91,75,A
40,71,B
11,90,B
55,95,A
69,83,A
68,51,B
51,35,B
45,80,B
67,65,B
96,33,B
62,92,A
42,28,C
49,48,B
84,45,B
45,39,B
52,93,A
35,29,C
70,81,A
71,51,B
46,92,B
72,39,B
74,34,B
51,60,B
60,84,A
14,12,C
77,39,B
100,62,A
58,55,B
37,60,B
68,50,B
69,41,B
51,59,B
63,13,C
87,47,B
98,19,B
29,74,B
27,52,C
10,86,B
31,25,C
35,47,B
48,88,B
34,57,B
75,62,B
14,14,C
69,41,B
94,66,A
24,100,B
42,39,B
22,36,C
44,78,B
77,90,A
34,69,B
100,81,A
11,14,C
47,58,B
99,86,A
62,33,B
57,50,B
35,98,B
21,34,C
90,84,A
57,94,A
32,76,B
53,15,C
34,34,C
93,22,B
51,96,A
69,13,B
56,63,B
86,18,B
65,99,A
70,71,A
23,35,C
83,16,B
91,27,B
33,11,C
26,50,C
62,80,A
92,83,A
82,42,B
85,37,B
44,94,B
78,24,B
68,60,B
95,63,A
12,47,C
10,33,C
92,17,B
70,50,B
86,63,A
16,50,C
78,69,A
18,92,B
22,68,B
14,70,B
83,55,B
23,68,B
16,97,B
99,72,A
95,52,A
17,74,B
98,28,B
91,79,A
18,78,B
74,74,A
27,85,B
96,87,A
63,32,B
22,21,C
44,39,B
72,89,A
28,37,C
66,73,B
80,95,A
46,64,B
93,54,A
36,51,B
51,25,C
57,21,C
73,91,A
69,49,B
92,83,A
14,33,C
69,89,A
92,63,A
47,55,B
86,68,A
55,39,B
73,86,A
78,65,A
12,69,B
87,45,B
60,89,A
94,73,A
86,26,B
38,77,B
18,80,B
18,91,B
91,46,B
58,11,C
27,26,C
17,64,B
20,42,C
91,58,A
24,80,B
18,27,C
71,70,A
72,48,B
77,57,B
16,95,B
58,51,B
76,95,A
33,91,B
23,84,B
80,77,A
60,75,B
26,23,C
26,42,C
35,80,B
86,25,B
36,79,B
28,63,B
32,47,C
48,56,B
63,79,A
95,35,B
74,41,B
17,98,B
21,95,B
32,74,B
55,91,A
29,77,B
16,96,B
19,90,B
12,99,B
12,48,C
78,79,A
80,49,B
72,31,B
70,95,A
81,59,A
60,10,C
68,43,B
92,14,B
12,24,C
40,19,C
73,29,B
46,83,B
10,76,B
29,14,C
72,71,A
81,63,A
64,14,C
36,47,B
69,21,B
69,28,B
33,94,B
98,32,B
43,38,B
92,57,A
35,83,B
63,37,B
10,88,B
19,99,B
56,75,B
74,34,B
51,19,C
20,80,B
33,59,B
73,16,B
93,21,B
78,13,B
22,38,C
82,91,A
17,37,C
91,56,A
43,41,B
87,41,B
29,39,C
86,10,B
69,48,B
31,99,B
92,19,B
39,10,C
41,25,C
65,80,A
30,26,C
65,71,B
57,32,B
33,45,C
19,41,C
63,71,B
13,59,C
78,32,B
25,27,C
61,77,B
91,15,B
67,64,B
37,53,B
79,58,B
56,75,B
34,23,C
92,78,A
50,50,B
64,28,B
81,47,B
70,16,B
20,17,C
45,42,B
65,84,A
80,21,B
23,23,C
64,93,A
91,72,A
45,13,C
65,89,A
90,46,B
55,81,B
71,73,A
92,63,A
14,23,C
100,84,A
11,56,C
68,80,A
38,23,C
49,62,B
22,34,C
78,54,B
99,63,A
69,39,B
95,23,B
98,99,A
42,56,B
71,37,B
37,57,B
52,59,B
64,31,B
66,26,B
100,33,B
27,99,B
43,90,B
78,81,A
99,97,A
65,27,B
81,66,A
49,52,B
29,82,B
34,10,C
13,68,B
76,80,A
10,14,C
46,78,B
13,81,B
62,65,B
72,86,A
23,36,C
55,93,A
62,78,A
69,31,B
94,85,A
49,36,B
49,38,B
29,29,C
71,11,B
97,48,A
94,83,A
61,82,A
18,57,C
87,12,B
68,44,B
18,64,B
38,91,B
67,13,B
69,60,B
80,74,A
46,90,B
73,77,A
100,33,B
55,81,B
69,73,A
80,66,A
62,89,A
37,90,B
42,73,B
38,14,C
97,21,B
26,55,B
98,28,B
14,46,C
34,100,B
98,44,A
17,81,B
39,72,B
96,49,A
30,18,C
76,34,B
44,17,C
49,52,B
86,55,A
97,84,A
94,15,B
92,60,A
87,55,A
12,19,C
80,86,A
33,58,B
90,62,A
71,25,B
87,17,B
43,72,B
84,13,B
53,10,C
84,22,B
86,26,B
23,54,C
65,59,B
66,29,B
79,76,A
44,35,C
90,82,A
12,83,B
43,86,B
93,47,A
68,76,A
48,92,A
72,65,B
14,97,B
87,28,B
100,32,B
49,75,B
61,73,B
55,28,B
85,89,A
50,78,B
98,98,A
77,79,A
68,30,B
71,51,B
89,47,B
42,91,B
54,79,B
70,14,B
86,28,B
42,40,B
69,50,B
42,44,B
33,75,B
86,44,B
84,76,A
37,89,B
68,64,B
59,49,B
10,56,C
100,53,A
42,59,B
79,18,B
33,65,B
37,10,C
30,55,B
78,19,B
55,91,A
60,18,C
14,88,B
27,23,C
23,75,B
92,88,A
62,27,B
20,49,C
11,15,C
14,20,C
95,14,B
49,75,B
57,32,B
52,34,B
85,50,B
48,85,B
99,12,B
75,32,B
69,72,A
98,49,A
91,73,A
16,91,B
21,53,C
20,45,C
67,44,B
55,80,B
63,60,B
73,41,B
48,25,C
88,71,A
54,65,B
96,50,A
14,89,B
72,51,B
22,24,C
18,57,C
80,43,B
75,78,A
68,67,B
52,39,B
99,69,A
97,37,B
42,81,B
28,96,B
80,90,A
38,63,B
21,71,B
97,91,A
71,81,A
20,35,C
52,86,B
89,81,A
63,50,B
72,54,B
82,25,B
32,82,B
61,63,B
30,100,B
52,28,B
75,39,B
28,44,C
82,43,B
92,26,B
41,41,B
17,86,B
56,64,B
26,40,C
41,48,B
13,36,C
34,23,C
38,79,B
39,32,C
31,94,B
12,71,B
56,13,C
63,71,B
81,47,B
33,98,B
92,59,A
17,36,C
93,84,A
67,73,A
94,36,B
94,42,B
56,88,A
15,93,B
87,88,A
64,10,C
14,98,B
71,83,A
14,59,C
35,67,B
94,55,A
23,41,C
86,18,B
17,69,B
38,83,B
70,74,A
89,84,A
62,74,B
76,26,B
87,93,A
85,86,A
92,61,A
49,22,C
85,71,A
84,12,B
21,68,B
19,22,C
52,70,B
50,82,B
67,17,B
70,100,A
74,57,B
84,70,A
88,64,A
15,34,C
70,41,B
17,42,C
100,29,B
43,24,C
56,36,B
65,29,B
60,68,B
86,36,B
13,83,B
72,66,B
60,71,B
14,39,C
73,37,B
23,42,C
36,18,C
71,56,B
57,29,B
19,83,B
68,69,B
88,82,A
57,89,A
28,32,C
15,86,B
76,96,A
60,100,A
87,100,A
40,72,B
19,67,B
50,78,B
48,62,B
85,37,B
59,56,B
53,49,B
90,98,A
67,21,B
24,16,C
22,96,B
46,32,C
90,79,A
93,11,B
72,50,B
17,56,C
20,58,C
10,63,C
52,82,B
35,72,B
76,59,B
67,92,A
42,12,C
88,50,B
94,82,A
68,49,B
45,39,B
14,55,C
27,26,C
32,47,C
58,10,C
29,35,C
54,43,B
15,66,B
50,78,B
26,18,C
22,67,B
47,81,B
86,53,B
20,39,C
96,95,A
78,52,B
85,31,B
30,88,B
76,53,B
82,10,B
65,88,A
55,11,C
88,42,B
52,57,B
10,71,B
87,67,A
50,11,C
59,33,B
93,66,A
41,20,C
28,54,B
37,11,C
36,52,B
85,90,A
56,19,C
95,91,A
32,16,C
99,15,B
46,98,A
37,70,B
81,85,A
53,84,B
46,17,C
33,57,B
36,12,C
87,45,B
11,71,B
62,56,B
81,16,B
90,47,B
87,18,B
31,29,C
25,84,B
88,42,B
45,66,B
53,69,B
58,25,B
11,29,C
30,44,C
74,36,B
59,100,A
49,34,B
55,35,B
100,81,A
52,73,B
90,28,B
68,62,B
18,97,B
15,76,B
87,62,A
56,42,B
46,33,C
34,78,B
30,59,B
16,35,C
70,11,B
17,33,C
43,49,B
14,32,C
91,93,A
31,19,C
67,68,B
42,40,B
71,19,B
65,24,B
15,95,B
60,28,B
100,40,A
96,91,A
60,23,B
14,81,B
94,12,B
91,21,B
86,71,A
12,18,C
14,86,B
88,83,A
30,14,C
70,30,B
78,45,B
85,66,A
100,55,A
81,36,B
11,86,B
58,15,C
86,68,A
71,75,A
87,38,B
55,68,B
43,55,B
74,74,A
70,42,B
27,77,B
39,17,C
88,53,A
62,70,B
97,90,A
45,25,C
25,87,B
13,89,B
83,66,A
19,43,C
93,53,A
35,35,C
66,27,B
97,34,B
44,16,C
71,51,B
57,41,B
39,26,C
66,45,B
22,45,C
49,41,B
70,47,B
46,66,B
56,58,B
41,98,B
48,11,C
69,84,A
75,75,A
89,92,A
72,30,B
50,18,C
65,77,A
91,79,A
52,16,C
71,55,B
85,59,A
45,14,C
95,74,A
85,99,A
35,11,C
33,64,B
29,28,C
10,86,B
22,75,B
78,93,A
42,10,C
44,12,C
64,55,B
43,36,C
44,71,B
83,98,A
64,12,C
65,80,A
30,65,B
95,45,A
30,87,B
74,73,A
17,33,C
13,87,B
40,71,B
60,72,B
50,88,B
23,25,C
31,15,C
68,40,B
93,96,A
61,86,A
15,20,C
53,80,B
99,19,B
97,93,A
41,30,C
10,45,C
73,39,B
28,87,B
23,19,C
16,78,B
62,55,B
61,42,B
96,84,A
18,94,B
18,82,B
95,12,B
59,65,B
15,79,B
37,36,C
90,63,A
28,19,C
30,31,C
55,78,B
41,53,B
39,65,B
86,45,B
10,99,B
31,37,C
73,19,B
28,33,C
13,47,C
35,88,B
47,47,B
43,58,B
62,75,B
62,96,A
37,78,B
11,26,C
16,92,B
49,76,B
64,26,B
34,20,C
94,30,B
93,36,B
41,40,B
18,58,C
41,76,B
59,44,B
30,41,C
90,72,A
61,94,A
77,13,B
58,48,B
28,67,B
89,54,A
96,33,B
29,59,B
76,34,B
86,12,B
89,80,A
81,71,A
31,77,B
86,98,A
20,46,C
19,88,B
38,61,B
59,21,B
59,100,A
57,96,A
84,93,A
63,73,B
37,23,C
70,65,B
75,48,B
36,15,C
32,86,B
58,69,B
88,60,A
25,88,B
25,20,C
19,64,B
90,56,A
50,28,C
60,14,C
27,76,B
21,100,B
61,54,B
95,87,A
35,96,B
11,24,C
50,74,B
41,33,C
13,55,C
47,82,B
65,10,C
32,49,B
68,78,A
25,44,C
50,35,B
84,84,A
11,17,C
87,13,B
38,74,B
19,73,B
16,95,B
29,28,C
40,37,C
71,83,A
51,10,C
28,100,B
33,47,B
16,76,B
67,52,B
59,32,B
79,85,A
95,40,B
22,27,C
36,61,B
86,31,B
96,83,A
96,62,A
93,11,B
89,55,A
66,64,B
32,54,B
100,32,B
23,52,C
38,37,C
66,32,B
11,52,C
46,95,A
23,43,C
65,66,B
52,61,B
94,62,A
55,14,C
84,78,A
15,74,B
12,45,C
76,43,B
44,28,C
81,77,A
86,11,B
73,64,B
75,98,A
18,56,C
59,56,B
52,73,B
76,65,A
63,20,B
82,83,A
48,58,B
19,18,C
84,43,B
16,99,B
50,66,B
21,63,B
86,85,A
76,91,A
88,41,B
53,87,A
75,25,B
32,90,B
48,31,C
85,45,B
43,96,B
100,32,B
33,44,C
14,65,C
87,43,B
91,37,B
43,36,C
45,90,B
46,40,B
24,21,C
81,64,A
23,47,C
73,38,B
23,43,C
13,33,C
37,29,C
91,27,B
64,48,B
94,72,A
90,52,A
24,55,C
93,71,A
15,14,C
24,34,C
88,51,B
42,68,B
93,33,B
58,45,B
65,11,C
22,92,B
98,34,B
50,27,C
44,54,B
80,89,A
29,98,B
67,59,B
11,99,B
28,73,B
88,39,B
34,50,B
36,73,B
16,49,C
91,89,A
80,63,A
43,35,C
25,12,C
79,81,A
52,38,B
89,99,A
77,51,B
34,31,C
43,80,B
17,44,C
62,22,B
29,19,C
92,81,A
10,44,C
73,10,B
98,46,A
71,47,B
39,43,B
33,12,C
58,48,B
14,85,B
74,99,A
90,98,A
83,20,B
61,47,B
52,32,B
26,88,B
68,26,B
31,90,B
25,84,B
88,100,A
16,27,C
50,20,C
71,28,B
90,13,B
50,48,B
61,100,A
40,44,B
76,56,B
55,17,C
52,22,C
29,73,B
43,76,B
17,73,B
51,88,B
58,34,B
20,43,C
61,31,B
95,61,A
56,75,B
99,89,A
72,12,B
13,100,B
70,13,B
71,24,B
64,53,B
52,72,B
87,88,A
84,98,A
23,20,C
72,27,B
98,37,B
42,20,C
16,99,B
18,31,C
10,66,C
66,83,A
14,77,B
11,70,B
18,63,B
34,36,C
96,19,B
44,59,B
75,62,B
14,84,B
25,42,C
66,88,A
86,56,A
10,92,B
19,76,B
50,54,B
56,41,B
40,17,C
30,39,C
62,70,B
84,56,A
18,35,C
39,70,B
44,80,B
30,42,C
93,82,A
55,20,C
17,44,C
38,70,B
45,66,B
39,83,B
46,96,A
100,79,A
31,83,B
53,73,B
88,17,B
94,92,A
60,71,B
32,43,C
72,17,B
82,46,B
78,38,B
53,81,B
15,53,C
51,52,B
63,15,C
62,64,B
55,69,B
31,74,B
13,35,C
87,64,A
79,69,A
93,52,A
36,49,B
64,15,C
31,31,C
64,77,A
58,89,A
56,47,B
39,66,B
98,81,A
83,64,A
86,79,A
76,46,B
62,99,A
55,82,B
36,60,B
22,63,B
44,31,C
72,84,A
22,45,C
96,33,B
21,53,C
15,97,B
95,77,A
75,16,B
18,32,C
48,78,B
72,32,B
33,61,B
26,25,C
55,22,C
46,46,B
41,78,B
63,44,B
30,10,C
90,70,A
14,39,C
88,20,B
88,77,A
33,27,C
27,19,C
20,67,B
82,62,A
78,42,B
70,80,A
73,44,B
39,44,B
95,66,A
15,22,C
100,17,B
43,58,B
96,23,B
75,17,B
79,78,A
55,67,B
35,40,C
90,42,B
74,55,B
35,30,C
18,63,B
71,78,A
13,53,C
46,58,B
20,90,B
59,53,B
59,46,B
83,25,B
60,80,A
29,10,C
79,99,A
16,86,B
26,73,B
86,47,B
48,76,B
56,29,B
13,47,C
16,15,C
86,22,B
47,65,B
81,11,B
90,23,B
59,28,B
59,96,A
95,71,A
25,78,B
46,74,B
16,89,B
69,71,A
52,10,C
34,35,C
21,84,B
54,91,A
83,53,B
49,58,B
43,86,B
17,14,C
92,61,A
66,53,B
72,86,A
20,95,B
20,79,B
70,85,A
91,79,A
23,92,B
39,41,B
68,27,B
83,14,B
43,39,B
65,28,B
92,14,B
13,98,B
77,99,A
69,23,B
88,62,A
37,56,B
24,77,B
16,45,C
33,58,B
95,33,B
28,81,B
100,23,B
84,71,A
57,88,A
45,77,B
10,28,C
83,24,B
17,53,C
91,44,B
88,12,B
36,68,B
10,69,C
89,61,A
88,11,B
51,15,C
84,26,B
46,27,C
98,95,A
43,48,B
20,96,B
23,43,C
20,91,B
79,72,A
45,46,B
95,86,A
29,45,C
67,16,B
81,74,A
22,35,C
66,37,B
49,52,B
74,63,B
39,37,C
44,23,C
25,17,C
60,100,A
94,74,A
90,66,A
63,38,B
48,49,B
49,94,A
58,42,B
48,53,B
38,46,B
47,83,B
99,74,A
87,21,B
37,60,B
65,83,A
78,62,A
47,57,B
48,13,C
51,25,C
19,51,C
63,96,A
72,63,B
62,88,A
21,98,B
68,34,B
82,44,B
17,75,B
86,49,B
31,55,B
100,32,B
18,25,C
47,21,C
29,73,B
54,74,B
69,44,B
74,13,B
88,41,B
53,27,B
45,22,C
22,86,B
55,27,B
43,70,B
22,52,C
13,11,C
71,69,A
59,65,B
70,69,B
48,31,C
40,87,B
94,26,B
71,12,B
13,85,B
74,61,B
35,46,B
61,70,B
49,36,B
16,76,B
84,46,B
52,66,B
28,94,B
79,75,A
95,18,B
70,32,B
44,97,A
27,64,B
82,85,A
57,48,B
72,75,A
29,95,B
94,60,A
75,11,B
57,72,B
32,50,B
14,28,C
48,40,B
66,64,B
84,71,A
14,56,C
37,38,C
25,26,C
24,73,B
29,45,C
94,97,A
81,99,A
32,41,C
43,34,C
16,52,C
57,27,B
53,73,B
29,90,B
43,70,B
12,97,B
96,54,A
15,42,C
54,90,A
23,32,C
97,29,B
91,19,B
61,54,B
100,100,A
28,67,B
69,81,A
40,100,A
16,31,C
92,94,A
94,79,A
15,95,B
51,70,B
40,66,B
90,10,B
99,49,A
40,91,B
13,29,C
45,18,C
21,33,C
27,24,C
24,46,C
68,26,B
14,79,B
28,50,C
17,71,B
22,52,C
93,57,A
97,10,B
86,13,B
76,54,B
21,15,C
92,33,B
61,48,B
30,27,C
38,66,B
35,28,C
68,74,A
22,78,B
61,75,B
44,65,B
10,56,C
23,38,C
49,25,C
52,78,B
58,65,B
17,90,B
38,54,B
74,31,B
32,63,B
87,88,A
32,72,B
30,48,C
56,88,A
15,28,C
85,84,A
26,73,B
13,88,B
47,69,B
16,51,C
88,74,A
11,91,B
23,33,C
51,78,B
96,35,B
36,74,B
11,30,C
32,46,C
20,98,B
56,21,C
65,38,B
69,90,A
14,89,B
15,29,C
27,97,B
64,73,B
63,31,B
82,69,A
52,23,C
83,30,B
45,86,B
73,48,B
84,59,A
98,85,A
56,76,B
64,96,A
71,33,B
32,29,C
17,69,B
59,58,B
49,73,B
30,88,B
91,64,A
99,93,A
76,20,B
42,57,B
30,65,B
25,81,B
51,58,B
13,59,C
81,39,B
51,94,A
39,76,B
73,11,B
77,19,B
48,89,B
27,62,B
61,80,A
89,97,A
46,55,B
43,17,C
12,89,B
44,25,C
17,53,C
100,13,B
92,89,A
25,64,B
92,66,A
74,96,A
30,61,B
55,92,A
37,26,C
16,49,C
91,70,A
83,89,A
81,73,A
54,63,B
87,44,B
58,14,C
65,38,B
80,86,A
41,99,A
57,44,B
10,34,C
82,59,A
28,90,B
34,83,B
98,60,A
89,47,B
86,91,A
34,59,B
47,67,B
53,54,B
59,90,A
75,64,B
37,53,B
74,27,B
13,51,C
40,100,A
43,34,C
35,70,B
79,39,B
80,90,A
35,20,C
87,73,A
72,84,A
21,52,C
47,35,B
26,32,C
100,99,A
66,68,B
46,46,B
92,61,A
13,54,C
53,89,A
76,41,B
94,64,A
95,57,A
10,50,C
97,74,A
13,81,B
72,15,B
31,58,B
67,34,B
56,39,B
18,22,C
55,100,A
95,47,A
21,81,B
92,47,B
29,79,B
90,11,B
42,60,B
19,82,B
98,58,A
89,21,B
39,41,B
18,51,C
54,91,A
90,12,B
71,98,A
26,60,B
43,58,B
35,89,B
52,32,B
16,90,B
99,40,B
39,94,B
21,82,B
65,97,A
65,85,A
66,68,B
32,27,C
76,27,B
25,45,C
55,51,B
29,71,B
65,54,B
88,48,B
74,79,A
53,80,B
44,22,C
29,35,C
44,96,A
99,93,A
89,66,A
99,100,A
44,22,C
63,13,C
34,89,B
35,74,B
68,81,A
62,36,B
55,68,B
73,19,B
11,24,C
34,99,B
61,77,B
83,58,A
53,98,A
17,67,B
86,72,A
68,42,B
26,61,B
68,82,A
68,36,B
16,46,C
64,10,C
50,65,B
15,17,C
95,41,B
48,41,B
63,11,C
43,44,B
93,65,A
41,46,B
55,70,B
74,93,A
37,12,C
80,24,B
41,42,B
42,29,C
57,91,A
25,58,B
53,45,B
44,90,B
12,98,B
27,70,B
13,38,C
38,94,B
73,62,B
63,88,A
82,86,A
55,58,B
10,21,C
11,69,B
39,85,B
60,33,B
19,19,C
55,33,B
29,96,B
99,26,B
20,72,B
94,33,B
59,79,B
34,73,B
60,55,B
41,47,B
92,61,A
92,19,B
81,37,B
85,53,B
31,68,B
59,73,B
94,91,A
50,34,B
89,67,A
59,88,A
20,34,C
97,93,A
82,88,A
66,50,B
42,52,B
55,88,A
27,48,C
94,23,B
54,80,B
69,40,B
35,93,B
51,55,B
14,94,B
50,33,B
57,43,B
17,99,B
80,33,B
21,29,C
54,89,A
52,99,A
25,63,B
44,19,C
93,43,B
57,84,A
73,22,B
18,29,C
72,27,B
13,34,C
30,69,B
63,53,B
12,38,C
50,96,A
79,66,A
36,33,C
27,67,B
94,60,A
17,70,B
51,16,C
77,37,B
94,21,B
57,90,A
64,90,A
26,90,B
12,97,B
50,11,C
59,12,C
11,37,C
18,58,C
55,80,B
58,50,B
53,15,C
41,58,B
83,40,B
67,71,B
93,52,A
47,10,C
81,72,A
79,55,B
90,80,A
34,46,B
15,62,C
66,26,B
15,50,C
75,22,B
46,26,C
85,90,A
38,34,C
43,73,B
34,66,B
52,50,B
87,52,B
68,45,B
39,47,B
75,100,A
74,33,B
50,98,A
42,57,B
64,98,A
26,51,C
27,65,B
70,88,A
35,65,B
78,50,B
91,48,B
24,66,B
40,60,B
13,77,B
57,79,B
38,39,C
71,66,B
20,77,B
79,52,B
46,79,B
11,79,B
63,99,A
93,85,A
12,20,C
46,44,B
97,59,A
100,60,A
22,90,B
37,97,B
86,46,B
43,96,B
41,43,B
80,60,A
43,79,B
33,64,B
84,91,A
82,83,A
15,21,C
21,62,B
71,55,B
88,55,A
40,11,C
56,97,A
42,48,B
12,75,B
100,44,A
19,83,B
52,38,B
95,36,B
53,58,B
59,30,B
61,30,B
59,19,C
88,37,B
63,24,B
12,24,C
76,40,B
56,25,B
76,69,A
81,72,A
49,59,B
57,53,B
44,55,B
40,49,B
38,66,B
21,61,B
42,66,B
10,93,B
57,80,B
61,42,B
23,34,C
61,19,B
43,17,C
72,22,B
22,62,B
54,99,A
21,49,C
97,15,B
80,57,B
76,17,B
52,88,A
16,39,C
20,30,C
33,25,C
84,81,A
13,12,C
64,69,B
84,50,B
96,94,A
57,84,A
78,83,A
68,56,B
53,49,B
32,15,C
38,28,C
17,67,B
23,68,B
81,57,B
46,23,C
88,76,A
79,46,B
98,36,B
27,90,B
67,82,A
38,46,B
48,67,B
80,65,A
11,29,C
39,51,B
100,17,B
26,77,B
36,46,B
98,75,A
84,47,B
53,67,B
48,26,C
68,18,B
46,69,B
100,84,A
56,23,C
28,69,B
87,18,B
90,19,B
86,49,B
12,75,B
73,81,A
61,65,B
82,100,A
69,89,A
69,33,B
75,68,A
52,97,A
28,13,C
92,61,A
23,37,C
50,39,B
83,42,B
24,97,B
95,67,A
25,17,C
11,66,C
94,40,B
64,95,A
14,54,C
56,16,C
44,87,B
42,55,B
20,13,C
77,15,B
66,10,C
67,81,A
70,69,B
61,83,A
41,17,C
50,60,B
37,21,C
47,78,B
79,15,B
21,68,B
88,25,B
20,94,B
75,15,B
84,88,A
70,49,B
95,39,B
68,82,A
59,12,C
74,72,A
28,68,B
70,16,B
51,69,B
21,98,B
98,39,B
23,17,C
17,27,C
35,54,B
91,96,A
32,23,C
88,65,A
84,66,A
81,96,A
55,36,B
70,18,B
92,85,A
26,42,C
45,76,B
80,12,B
58,60,B
48,32,B
17,16,C
63,12,C
94,12,B
53,27,B
83,53,B
69,30,B
87,29,B
41,87,B
40,55,B
93,62,A
65,14,C
25,62,B
78,25,B
33,98,B
18,32,C
46,51,B
64,61,B
25,65,B
27,16,C
56,89,A
40,49,B
20,85,B
82,62,A
49,10,C
15,89,B
77,19,B
29,98,B
50,42,B
43,97,A
52,32,B
79,24,B
53,23,C
18,21,C
89,20,B
11,60,C
72,42,B
83,88,A
46,23,C
51,68,B
25,83,B
79,37,B
64,81,A
41,46,B
16,62,C
44,25,C
14,11,C
44,62,B
58,66,B
40,45,B
97,37,B
91,93,A
96,43,B
72,24,B
64,33,B
54,32,B
49,13,C
50,38,B
82,63,A
14,56,C
100,92,A
79,43,B
66,77,A
78,95,A
92,86,A
58,30,B
82,82,A
98,29,B
41,56,B
56,35,B
50,65,B
75,60,B
56,47,B
10,28,C
37,62,B
52,46,B
30,41,C
83,46,B
81,24,B
44,77,B
78,54,B
100,21,B
71,13,B
85,34,B
89,62,A
75,50,B
50,65,B
65,97,A
64,81,A
36,33,C
78,10,B
58,72,B
84,47,B
16,12,C
75,99,A
89,63,A
95,91,A
99,92,A
44,72,B
77,43,B
76,32,B
91,43,B
76,78,A
64,37,B
76,33,B
45,74,B
24,14,C
60,82,A
10,20,C
38,39,C
33,41,C
59,84,A
71,24,B
100,69,A
68,12,B
67,96,A
66,78,A
36,100,B
52,10,C
82,96,A
57,81,B
47,60,B
13,66,C
61,88,A
44,78,B
98,100,A
93,68,A
90,33,B
83,39,B
61,35,B
16,71,B
95,94,A
77,85,A
17,95,B
32,76,B
31,15,C
43,94,B
56,50,B
28,73,B
32,21,C
32,49,B
98,81,A
70,66,B
75,40,B
46,25,C
64,65,B
67,43,B
94,47,A
34,93,B
54,81,B
42,16,C
85,63,A
44,81,B
51,33,B
57,10,C
20,18,C
78,63,A
77,23,B
44,52,B
61,98,A
19,79,B
52,73,B
93,76,A
73,59,B
89,26,B
65,25,B
32,43,C
81,25,B
29,35,C
32,94,B
34,38,C
58,64,B
40,30,C
78,45,B
65,93,A
19,50,C
87,74,A
72,11,B
45,44,B
83,50,B
77,99,A
24,41,C
36,35,C
34,26,C
95,19,B
78,94,A
38,61,B
73,23,B
15,56,C
34,23,C
69,89,A
36,79,B
27,57,B
67,56,B
73,59,B
48,74,B
78,77,A
69,58,B
85,86,A
77,89,A
58,51,B
38,77,B
45,10,C
80,20,B
70,77,A
76,35,B
15,28,C
69,85,A
42,45,B
93,47,A
72,36,B
20,39,C
52,46,B
96,18,B
72,56,B
65,61,B
53,52,B
21,24,C
88,33,B
19,100,B
14,39,C
84,28,B
80,27,B
10,18,C
92,80,A
36,37,C
68,64,B
20,74,B
97,99,A
66,28,B
70,11,B
56,30,B
61,68,B
83,62,A
53,37,B
43,97,A
15,94,B
100,70,A
83,67,A
51,30,B
52,71,B
15,15,C
14,68,B
52,34,B
45,96,A
91,30,B
72,62,B
30,40,C
40,87,B
72,39,B
36,76,B
36,59,B
55,99,A
46,99,A
13,65,C
10,67,C
85,54,B
62,12,C
96,32,B
80,75,A
47,10,C
89,30,B
35,84,B
53,86,B
95,35,B
49,42,B
21,44,C
17,89,B
50,47,B
49,12,C
84,88,A
58,98,A
66,95,A
81,72,A
38,44,B
85,51,B
70,74,A
84,67,A
78,93,A
96,78,A
82,19,B
77,89,A
81,97,A
56,79,B
80,51,B
72,31,B
24,63,B
20,59,C
21,65,B
99,66,A
98,89,A
61,76,B
92,25,B
70,71,A
79,56,B
68,93,A
28,13,C
71,86,A
82,34,B
78,60,B
71,43,B
53,90,A
67,64,B
72,75,A
52,77,B
97,13,B
25,72,B
11,31,C
16,81,B
74,94,A
50,84,B
23,43,C
92,89,A
40,36,C
30,10,C
95,50,A
97,46,A
62,10,C
82,75,A
23,13,C
53,74,B
40,58,B
67,61,B
28,25,C
77,38,B
18,98,B
27,70,B
98,34,B
55,94,A
98,51,A
39,11,C
77,49,B
61,97,A
66,25,B
13,24,C
30,84,B
83,56,B
20,28,C
17,37,C
29,56,B
92,40,B
60,84,A
77,53,B
48,15,C
55,93,A
25,96,B
91,70,A
85,99,A
25,37,C
51,82,B
97,41,B
59,52,B
85,88,A
56,55,B
97,33,B
63,26,B
70,76,A
15,92,B
53,77,B
51,35,B
85,61,A
56,48,B
44,17,C
63,40,B
91,76,A
79,37,B
73,94,A
66,35,B
69,20,B
49,81,B
85,99,A
74,64,B
82,47,B
48,69,B
48,12,C
62,22,B
74,98,A
16,74,B
15,14,C
80,34,B
88,49,B
14,78,B
27,23,C
47,68,B
25,49,C
81,51,B
27,19,C
46,87,B
33,36,C
74,54,B
35,12,C
74,33,B
86,12,B
95,21,B
92,54,A
100,20,B
14,23,C
21,25,C
75,56,B
41,63,B
91,36,B
49,48,B
94,17,B
81,30,B
65,40,B
27,29,C
45,12,C
62,34,B
58,53,B
29,33,C
58,18,C
52,48,B
64,99,A
48,82,B
34,15,C
23,54,C
76,12,B
34,77,B
17,92,B
31,67,B
51,82,B
67,44,B
65,52,B
45,66,B
41,36,C
61,67,B
21,41,C
87,47,B
93,64,A
40,11,C
39,95,B
24,79,B
78,81,A
51,10,C
79,96,A
49,58,B
23,47,C
95,94,A
69,40,B
31,76,B
65,75,A
31,81,B
33,21,C
80,37,B
74,58,B
92,62,A
40,20,C
64,92,A
79,76,A
72,20,B
88,75,A
16,16,C
54,78,B
40,85,B
39,48,B
24,80,B
23,94,B
85,82,A
27,68,B
45,86,B
83,97,A
30,51,B
100,20,B
22,66,B
59,85,A
35,49,B
97,26,B
73,67,A
17,35,C
43,27,C
80,18,B
71,99,A
28,57,B
81,51,B
61,80,A
34,70,B
93,98,A
73,82,A
38,46,B
61,15,C
10,19,C
33,51,B
31,26,C
36,26,C
26,30,C
15,15,C
22,71,B
40,93,B
46,84,B
70,74,A
34,70,B
84,63,A
27,84,B
17,37,C
70,78,A
34,66,B
52,23,C
21,30,C
35,96,B
49,83,B
86,48,B
73,90,A
21,42,C
56,11,C
58,76,B
20,48,C
68,62,B
15,27,C
97,26,B
38,51,B
68,81,A
46,78,B
62,65,B
80,31,B
39,89,B
88,91,A
67,75,A
92,22,B
23,81,B
31,49,B
70,67,B
33,27,C
88,42,B
81,90,A
95,61,A
40,50,B
76,81,A
60,58,B
10,91,B
56,57,B
21,16,C
66,33,B
56,50,B
50,62,B
32,59,B
56,31,B
38,84,B
12,84,B
44,19,C
87,55,A
16,93,B
10,98,B
33,89,B
34,68,B
22,21,C
27,55,B
15,91,B
94,93,A
42,58,B
88,43,B
62,62,B
85,36,B
25,70,B
50,63,B
27,30,C
17,52,C
97,10,B
15,38,C
34,14,C
60,58,B
49,87,B
36,79,B
68,90,A
64,82,A
42,92,B
22,92,B
47,65,B
78,46,B
92,14,B
85,21,B
76,16,B
47,25,C
64,28,B
28,57,B
19,37,C
63,38,B
13,49,C
85,10,B
70,26,B
37,42,C
82,50,B
46,48,B
75,91,A
86,100,A
43,37,B
75,16,B
64,45,B
99,83,A
47,16,C
56,10,C
44,73,B
55,95,A
65,95,A
53,93,A
73,56,B
48,58,B
84,67,A
80,78,A
40,15,C
46,81,B
54,43,B
60,74,B
19,31,C
58,65,B
53,81,B
45,11,C
38,99,B
28,83,B
14,34,C
89,75,A
31,19,C
83,17,B
17,18,C
60,85,A
31,49,B
29,39,C
82,44,B
54,19,C
55,91,A
37,67,B
54,53,B
17,55,C
52,72,B
67,57,B
99,75,A
83,58,A
39,74,B
59,22,B
83,14,B
12,59,C
27,24,C
81,50,B
13,18,C
26,34,C
35,44,C
29,52,B
10,36,C
68,82,A
83,20,B
17,53,C
81,42,B
54,99,A
71,70,A
57,12,C
17,78,B
100,24,B
20,30,C
43,92,B
69,51,B
60,77,B
23,73,B
37,77,B
25,35,C
98,30,B
33,27,C
33,12,C
28,72,B
53,23,C
99,93,A
29,83,B
25,91,B
90,67,A
48,36,B
51,79,B
26,52,C
97,25,B
34,36,C
79,76,A
94,66,A
49,63,B
90,93,A
46,48,B
24,14,C
22,54,C
100,48,A
51,84,B
86,31,B
85,88,A
55,93,A
31,21,C
16,67,B
13,98,B
32,64,B
69,14,B
11,52,C
59,95,A
59,21,B
69,30,B
42,78,B
63,24,B
79,93,A
97,17,B
12,23,C
56,93,A
93,56,A
26,76,B
94,98,A
98,85,A
50,35,B
84,89,A
74,99,A
35,51,B
67,46,B
58,71,B
32,38,C
47,38,B
96,94,A
78,36,B
62,69,B
27,10,C
99,32,B
10,83,B
51,48,B
69,84,A
28,39,C
22,41,C
95,33,B
30,55,B
62,73,B
18,76,B
24,65,B
15,93,B
44,93,B
59,29,B
82,71,A
62,28,B
82,48,B
77,13,B
81,48,B
85,26,B
22,50,C
12,64,C
85,29,B
35,79,B
36,99,B
59,20,C
100,49,A
83,40,B
59,59,B
96,11,B
21,63,B
40,77,B
38,74,B
39,92,B
21,59,B
48,70,B
75,83,A
86,23,B
35,52,B
62,16,C
46,78,B
15,99,B
29,50,C
15,26,C
84,47,B
99,34,B
89,52,A
37,76,B
78,70,A
24,82,B
47,57,B
71,56,B
12,98,B
17,89,B
70,87,A
49,16,C
46,64,B
89,46,B
83,57,A
96,23,B
13,73,B
60,68,B
10,65,C
92,41,B
84,55,B
28,100,B
70,88,A
14,55,C
98,79,A
71,26,B
16,16,C
40,32,C
43,91,B
45,63,B
28,77,B
45,21,C
93,44,B
85,83,A
88,80,A
61,43,B
82,38,B
83,55,B
52,22,C
100,100,A
88,33,B
56,21,C
63,42,B
48,80,B
86,38,B
35,61,B
39,78,B
84,52,B
11,38,C
56,96,A
40,95,B
50,61,B
10,49,C
54,27,B
34,93,B
77,10,B
52,65,B
45,22,C
98,71,A
96,24,B
100,70,A
86,48,B
75,23,B
71,93,A
95,98,A
99,40,B
59,43,B
65,29,B
37,92,B
76,32,B
16,86,B
37,92,B
59,98,A
74,33,B
60,49,B
37,43,B
24,75,B
50,62,B
95,36,B
86,49,B
52,47,B
70,37,B
82,57,B
70,35,B
86,44,B
20,70,B
75,68,A
23,62,B
67,66,B
72,57,B
67,65,B
60,52,B
72,67,B
80,37,B
95,64,A
28,44,C
97,24,B
66,53,B
47,50,B
63,86,A
91,79,A
18,40,C
59,60,B
29,16,C
30,47,C
45,95,A
80,28,B
55,59,B
64,96,A
35,19,C
99,63,A
26,83,B
79,71,A
57,66,B
70,29,B
21,61,B
74,30,B
97,79,A
69,38,B
31,92,B
54,72,B
62,40,B
34,51,B
70,40,B
87,71,A
78,47,B
12,37,C
55,65,B
51,14,C
90,70,A
17,75,B
74,61,B
26,23,C
54,27,B
76,71,A
66,71,B
18,73,B
63,17,B
44,32,C
56,49,B
37,58,B
97,27,B
47,76,B
34,34,C
53,32,B
91,56,A
63,88,A
13,21,C
38,26,C
59,89,A
96,30,B
45,98,A
59,75,B
10,78,B
34,12,C
49,87,B
28,30,C
61,33,B
42,43,B
10,26,C
80,48,B
37,10,C
57,51,B
11,23,C
38,91,B
46,30,C
28,46,C
58,97,A
33,62,B
15,26,C
90,89,A
96,76,A
40,12,C
11,55,C
74,66,A
24,63,B
16,89,B
66,94,A
14,62,C
82,92,A
63,83,A
69,63,B
89,32,B
30,77,B
45,49,B
90,23,B
67,34,B
98,65,A
66,64,B
96,52,A
60,29,B
37,79,B
99,73,A
39,32,C
15,69,B
41,27,C
71,20,B
24,17,C
18,69,B
39,12,C
30,99,B
13,16,C
18,80,B
32,64,B
71,20,B
39,79,B
85,77,A
58,55,B
78,18,B
96,18,B
58,69,B
25,32,C
99,53,A
19,43,C
29,42,C
80,91,A
57,43,B
64,13,C
79,29,B
50,60,B
26,45,C
61,87,A
69,18,B
25,20,C
69,38,B
39,21,C
96,92,A
74,96,A
91,62,A
39,66,B
37,72,B
95,22,B
42,14,C
86,79,A
27,44,C
100,39,B
67,99,A
75,41,B
88,48,B
67,70,B
92,46,B
47,18,C
29,99,B
50,75,B
97,90,A
52,49,B
72,44,B
19,71,B
68,33,B
100,75,A
53,50,B
65,21,B
36,48,B
88,62,A
32,52,B
56,31,B
59,34,B
52,100,A
12,98,B
100,76,A
66,84,A
70,43,B
60,38,B
72,29,B
39,64,B
78,58,B
97,13,B
14,45,C
83,49,B
96,24,B
69,82,A
35,70,B
27,73,B
17,22,C
84,67,A
95,81,A
20,46,C
66,51,B
38,42,B
59,45,B
40,29,C
65,89,A
82,40,B
41,99,A
87,42,B
95,10,B
53,26,C
71,43,B
42,70,B
22,31,C
69,61,B
98,26,B
93,21,B
42,16,C
49,63,B
45,80,B
15,75,B
74,20,B
30,48,C
65,37,B
26,65,B
42,51,B
42,54,B
64,67,B
43,89,B
53,89,A
70,87,A
83,25,B
100,60,A
27,59,B
36,11,C
89,22,B
87,70,A
60,98,A
51,10,C
85,28,B
66,70,B
29,64,B
47,62,B
90,17,B
69,84,A
42,98,A
25,33,C
58,53,B
35,42,C
22,80,B
20,42,C
24,21,C
18,48,C
17,28,C
75,24,B
24,100,B
60,97,A
83,26,B
48,81,B
57,89,A
74,28,B
10,98,B
35,44,C
97,26,B
51,44,B
51,64,B
48,99,A
91,99,A
51,23,C
24,92,B
11,70,B
62,87,A
44,43,B
21,60,B
25,95,B
43,27,C
36,18,C
13,87,B
84,83,A
16,97,B
98,28,B
76,76,A
53,73,B
85,74,A
10,30,C
68,94,A
72,18,B
34,10,C
91,88,A
41,17,C
35,42,C
37,74,B
98,68,A
22,90,B
18,77,B
19,22,C
48,68,B
61,56,B
75,42,B
11,62,C
25,36,C
44,35,C
22,29,C
42,73,B
23,56,C
15,31,C
35,89,B
87,52,B
22,83,B
94,67,A
33,27,C
90,98,A
40,33,C
94,84,A
94,56,A
24,84,B
77,45,B
21,58,C
94,43,B
26,15,C
78,90,A
62,38,B
31,53,B
90,26,B
99,42,A
54,92,A
94,37,B
67,89,A
80,30,B
32,55,B
52,22,C
96,96,A
55,19,C
31,99,B
32,59,B
32,80,B
21,100,B
75,56,B
28,28,C
17,38,C
58,10,C
73,65,B
33,28,C
38,46,B
29,17,C
15,58,C
48,64,B
48,47,B
14,55,C
18,11,C
50,50,B
66,90,A
60,62,B
91,96,A
46,74,B
85,55,A
58,10,C
15,77,B
22,14,C
48,97,A
39,73,B
86,92,A
65,35,B
64,13,C
86,34,B
45,16,C
62,39,B
14,84,B
69,47,B
28,70,B
95,67,A
18,11,C
53,55,B
79,100,A
80,91,A
68,10,C
18,49,C
10,15,C
70,90,A
19,13,C
35,29,C
99,16,B
16,68,B
62,46,B
64,36,B
38,34,C
99,25,B
49,35,B
53,75,B
81,42,B
43,39,B
68,55,B
18,78,B
56,64,B
16,54,C
48,52,B
64,54,B
27,50,C
51,81,B
67,55,B
23,53,C
59,64,B
19,80,B
59,27,B
66,86,A
31,21,C
94,29,B
31,70,B
98,84,A
93,91,A
15,40,C
75,44,B
26,11,C
36,57,B
88,44,B
22,72,B
40,11,C
15,50,C
26,87,B
34,80,B
95,47,A
95,42,B
33,48,B
79,23,B
54,10,C
52,10,C
10,29,C
95,97,A
32,30,C
24,95,B
89,30,B
21,29,C
96,13,B
42,79,B
66,23,B
51,20,C
98,32,B
70,52,B
66,60,B
16,12,C
59,97,A
47,31,C
63,42,B
62,61,B
43,68,B
88,60,A
60,86,A
50,83,B
94,99,A
48,70,B
38,51,B
74,98,A
79,86,A
85,85,A
58,34,B
57,37,B
17,93,B
86,31,B
55,28,B
86,86,A
26,26,C
94,98,A
10,60,C
74,16,B
94,35,B
19,62,B
52,58,B
63,80,A
96,15,B
66,24,B
66,79,A
62,68,B
83,55,B
46,67,B
88,37,B
50,93,A
31,47,C
11,20,C
34,20,C
79,25,B
42,71,B
33,28,C
91,89,A
27,65,B
44,34,C
83,11,B
82,20,B
12,72,B
52,69,B
38,99,B
87,19,B
81,100,A
15,35,C
92,87,A
33,36,C
67,87,A
82,25,B
58,32,B
76,92,A
96,10,B
16,61,C
86,27,B
92,78,A
39,28,C
85,76,A
41,20,C
13,31,C
29,85,B
65,48,B
81,84,A
64,34,B
47,74,B
29,10,C
96,87,A
13,41,C
53,78,B
41,65,B
36,96,B
63,86,A
48,11,C
55,43,B
55,55,B
52,27,C
94,40,B
98,83,A
65,78,A
74,90,A
94,49,A
22,76,B
12,18,C
29,62,B
71,29,B
83,66,A
53,63,B
50,61,B
61,37,B
65,49,B
14,28,C
47,34,B
37,92,B
65,38,B
97,71,A
98,26,B
13,35,C
71,96,A
88,81,A
29,18,C
25,58,B
75,58,B
74,73,A
12,25,C
63,80,A
41,89,B
67,45,B
89,69,A
27,97,B
98,37,B
81,99,A
46,32,C
83,36,B
98,66,A
62,73,B
90,87,A
83,16,B
84,70,A
61,27,B
37,62,B
49,81,B
23,76,B
29,70,B
64,12,C
36,67,B
18,13,C
34,58,B
55,85,A
49,100,A
88,84,A
53,28,B
36,37,C
15,18,C
14,83,B
80,54,B
20,57,C
30,62,B
64,49,B
26,97,B
59,53,B
49,95,A
76,73,A
78,50,B
79,78,A
13,56,C
17,44,C
31,54,B
58,42,B
63,76,B
76,68,A
12,11,C
49,79,B
55,80,B
71,43,B
39,63,B
56,44,B
46,35,B
64,27,B
28,47,C
82,41,B
99,32,B
57,23,B
66,33,B
83,66,A
65,70,B
25,47,C
65,50,B
70,74,A
62,68,B
94,12,B
90,58,A
83,80,A
46,83,B
26,99,B
99,84,A
14,74,B
29,53,B
92,31,B
31,28,C
51,47,B
10,28,C
83,78,A
44,10,C
76,100,A
43,97,A
31,53,B
73,77,A
74,13,B
12,28,C
91,87,A
76,61,B
78,88,A
19,44,C
56,44,B
25,31,C
74,41,B
56,10,C
63,98,A
24,91,B
12,73,B
38,50,B
54,39,B
42,44,B
70,97,A
79,66,A
54,57,B
78,39,B
83,69,A
44,78,B
55,32,B
18,88,B
52,93,A
80,66,A
35,51,B
71,55,B
26,97,B
100,50,A
93,71,A
34,86,B
56,96,A
20,64,B
59,25,B
53,98,A
65,86,A
82,70,A
20,80,B
60,84,A
13,44,C
49,50,B
14,68,B
73,63,B
36,15,C
76,96,A
21,88,B
60,13,C
15,99,B
94,90,A
22,55,C
91,51,A
49,23,C
82,63,A
34,55,B
55,56,B
65,82,A
67,100,A
44,65,B
98,18,B
79,10,B
30,32,C
87,65,A
87,85,A
75,62,B
42,65,B
85,61,A
38,21,C
70,74,A
12,73,B
68,50,B
39,66,B
29,51,B
70,48,B
76,83,A
72,91,A
53,20,C
74,64,B
55,88,A
66,27,B
62,39,B
38,99,B
55,62,B
82,31,B
28,84,B
37,65,B
70,73,A
59,57,B
15,39,C
62,63,B
89,80,A
50,60,B
11,30,C
84,28,B
83,51,B
26,50,C
44,81,B
35,20,C
29,63,B
33,51,B
20,24,C
82,75,A
24,56,B
48,17,C
54,59,B
92,23,B
97,100,A
98,44,A
55,65,B
21,91,B
28,70,B
51,51,B
39,23,C
21,41,C
81,76,A
65,73,B
97,78,A
21,76,B
53,39,B
63,96,A
50,95,A
51,96,A
10,22,C
100,35,B
96,29,B
96,18,B
52,33,B
40,47,B
97,23,B
37,89,B
91,71,A
74,99,A
89,83,A
26,56,B
22,71,B
15,52,C
73,23,B
28,84,B
41,12,C
66,55,B
28,21,C
50,46,B
44,95,B
78,76,A
10,57,C
73,81,A
27,46,C
84,50,B
55,26,B
63,100,A
45,25,C
73,54,B
68,24,B
59,23,B
61,50,B
88,92,A
91,16,B
33,81,B
87,78,A
41,71,B
69,90,A
40,57,B
37,67,B
91,43,B
29,86,B
95,91,A
63,58,B
40,73,B
70,48,B
36,50,B
67,13,B
35,34,C
75,10,B
30,89,B
69,39,B
48,36,B
75,66,A
11,77,B
57,53,B
94,33,B
73,81,A
72,96,A
29,84,B
62,16,C
11,30,C
30,46,C
30,61,B
82,73,A
14,75,B
71,64,B
17,62,C
90,58,A
36,41,C
90,36,B
34,42,C
18,84,B
54,72,B
79,75,A
45,18,C
68,88,A
13,88,B
47,73,B
72,29,B
81,35,B
70,27,B
65,10,C
85,17,B
10,74,B
35,77,B
39,44,B
94,45,B
26,20,C
40,14,C
100,97,A
50,10,C
86,81,A
96,47,A
66,98,A
24,92,B
72,41,B
54,74,B
36,21,C
47,67,B
64,70,B
10,36,C
63,14,C
75,55,B
38,56,B
37,11,C
39,22,C
96,20,B
32,75,B
93,58,A
10,86,B
23,14,C
15,74,B
48,72,B
70,13,B
15,52,C
52,78,B
46,23,C
78,60,B
47,24,C
72,41,B
24,16,C
49,46,B
36,95,B
57,65,B
51,69,B
73,61,B
78,21,B
80,60,A
58,38,B
79,97,A
93,19,B
84,39,B
10,68,C
47,84,B
64,97,A
34,51,B
86,75,A
93,77,A
90,71,A
58,68,B
88,68,A
92,36,B
34,96,B
36,38,C
11,80,B
34,53,B
38,59,B
12,91,B
38,71,B
20,23,C
44,62,B
81,15,B
97,21,B
74,61,B
70,35,B
55,70,B
87,31,B
42,21,C
43,96,B
18,43,C
79,20,B
10,91,B
61,81,A
98,24,B
46,25,C
15,20,C
10,80,B
77,99,A
78,86,A
84,85,A
38,21,C
89,76,A
16,96,B
20,82,B
26,73,B
43,94,B
45,35,B
13,44,C
40,27,C
40,30,C
96,20,B
39,76,B
40,24,C
54,25,C
32,10,C
61,97,A
11,60,C
63,64,B
13,15,C
59,26,B
52,17,C
41,41,B
87,51,B
70,21,B
81,85,A
19,64,B
29,16,C
57,73,B
63,31,B
44,45,B
52,47,B
87,97,A
66,59,B
87,32,B
43,70,B
55,97,A
98,24,B
64,20,B
44,51,B
10,65,C
52,72,B
83,95,A
100,71,A
27,84,B
31,41,C
69,45,B
51,56,B
31,60,B
39,87,B
17,42,C
25,41,C
78,23,B
39,97,B
22,55,C
25,28,C
83,32,B
12,17,C
54,50,B
57,75,B
42,42,B
63,74,B
35,23,C
52,57,B
63,86,A
17,55,C
79,28,B
32,79,B
62,63,B
21,71,B
79,59,B
75,53,B
61,36,B
98,85,A
59,25,B
44,43,B
21,94,B
40,21,C
26,63,B
46,85,B
95,18,B
43,50,B
17,56,C
50,61,B
74,38,B
58,25,B
41,53,B
49,47,B
56,40,B
24,89,B
17,33,C
18,82,B
11,34,C
52,51,B
48,84,B
91,72,A
99,85,A
58,23,B
14,44,C
14,29,C
35,50,B
31,16,C
42,100,A
43,74,B
40,86,B
13,30,C
61,74,B
74,70,A
68,52,B
82,64,A
77,28,B
50,72,B
50,48,B
58,46,B
90,81,A
10,31,C
30,15,C
72,53,B
80,60,A
77,61,B
38,93,B
31,72,B
15,89,B
79,55,B
44,78,B
38,99,B
97,29,B
49,45,B
55,31,B
54,39,B
93,41,B
26,43,C
70,41,B
37,76,B
45,84,B
52,94,A
88,12,B
93,50,A
35,15,C
100,70,A
91,28,B
47,15,C
42,12,C
35,100,B
59,35,B
48,58,B
52,27,C
78,87,A
12,83,B
42,67,B
52,74,B
99,12,B
76,96,A
68,86,A
49,81,B
74,76,A
32,26,C
19,36,C
77,32,B
13,16,C
62,60,B
60,24,B
35,97,B
78,93,A
66,59,B
21,53,C
52,18,C
43,13,C
42,67,B
23,59,B
86,73,A
80,96,A
49,99,A
19,77,B
14,79,B
80,27,B
38,94,B
98,55,A
74,56,B
91,93,A
84,26,B
84,56,A
52,87,B
100,82,A
42,99,A
73,56,B
12,63,C
21,14,C
28,98,B
34,48,B
90,62,A
65,97,A
88,31,B
57,33,B
93,23,B
80,33,B
99,87,A
41,91,B
88,41,B
51,12,C
12,47,C
96,52,A
10,76,B
77,19,B
40,99,B
97,59,A
79,27,B
88,98,A
24,71,B
51,81,B
91,48,B
35,82,B
21,56,C
18,96,B
66,55,B
49,74,B
97,29,B
28,83,B
76,48,B
97,56,A
35,62,B
89,87,A
24,50,C
44,60,B
33,58,B
69,40,B
67,28,B
38,68,B
54,12,C
90,34,B
69,91,A
73,100,A
47,26,C
58,29,B
64,31,B
60,29,B
92,12,B
61,46,B
43,16,C
86,34,B
18,65,B
61,67,B
31,25,C
64,32,B
53,51,B
35,13,C
86,83,A
39,84,B
88,85,A
99,37,B
77,10,B
29,37,C
28,67,B
81,56,B
37,19,C
60,86,A
42,58,B
50,12,C
38,37,C
35,62,B
29,24,C
91,96,A
75,21,B
35,75,B
53,50,B
61,100,A
96,50,A
35,79,B
86,85,A
26,60,B
24,61,B
13,78,B
79,99,A
27,68,B
57,56,B
60,54,B
32,56,B
31,96,B
33,57,B
78,41,B
40,75,B
15,91,B
23,70,B
38,87,B
66,19,B
28,41,C
42,83,B
55,26,B
93,67,A
63,92,A
63,81,A
95,29,B
65,50,B
76,100,A
18,81,B
70,25,B
42,12,C
33,88,B
20,25,C
67,86,A
31,20,C
93,86,A
21,20,C
30,98,B
59,67,B
55,29,B
19,16,C
82,70,A
27,26,C
53,52,B
59,46,B
91,93,A
31,40,C
80,60,A
39,56,B
73,11,B
94,13,B
88,53,A
77,30,B
92,74,A
48,75,B
72,19,B
39,42,B
23,37,C
62,69,B
57,95,A
44,71,B
17,97,B
21,93,B
46,56,B
21,83,B
17,15,C
31,79,B
59,53,B
41,91,B
90,75,A
90,61,A
45,30,C
58,23,B
11,86,B
81,54,B
65,82,A
35,73,B
98,92,A
24,70,B
77,34,B
17,30,C
50,53,B
91,96,A
85,65,A
93,68,A
11,19,C
26,46,C
92,18,B
39,46,B
98,38,B
31,43,C
32,94,B
66,48,B
19,91,B
90,22,B
36,26,C
53,41,B
42,55,B
43,50,B
37,45,B
31,46,C
43,55,B
93,52,A
71,20,B
95,91,A
58,88,A
63,22,B
39,99,B
32,29,C
59,71,B
46,98,A
92,62,A
25,87,B
62,86,A
44,24,C
93,91,A
77,37,B
47,36,B
45,34,C
28,24,C
87,56,A
76,70,A
95,52,A
13,11,C
38,24,C
35,91,B
75,48,B
85,28,B
42,97,B
39,99,B
16,65,B
83,38,B
94,27,B
51,10,C
70,47,B
99,47,A
43,20,C
19,24,C
74,46,B
52,69,B
29,76,B
56,79,B
79,43,B
80,10,B
19,83,B
12,62,C
51,32,B
38,37,C
86,22,B
23,78,B
54,46,B
11,31,C
50,20,C
96,18,B
85,10,B
73,24,B
51,51,B
61,15,C
91,15,B
23,78,B
32,36,C
59,57,B
80,27,B
50,26,C
48,68,B
57,94,A
13,25,C
34,53,B
69,88,A
85,23,B
60,82,A
19,46,C
82,57,B
92,57,A
57,17,C
49,66,B
21,68,B
82,54,B
74,65,B
100,23,B
54,75,B
80,15,B
32,100,B
25,62,B
56,71,B
42,36,C
71,94,A
96,30,B
65,36,B
65,50,B
43,58,B
22,79,B
33,59,B
92,79,A
91,13,B
36,84,B
34,81,B
61,64,B
25,34,C
63,51,B
28,67,B
39,71,B
46,80,B
76,48,B
34,11,C
81,48,B
97,33,B
74,33,B
44,95,B
61,100,A
88,15,B
14,96,B
35,17,C
35,50,B
77,76,A
14,56,C
21,21,C
16,85,B
38,28,C
27,79,B
18,59,C
72,50,B
17,36,C
75,71,A
44,99,A
39,97,B
48,62,B
100,57,A
42,45,B
21,89,B
90,36,B
31,77,B
88,87,A
59,43,B
100,76,A
65,81,A
73,73,A
36,65,B
82,72,A
55,96,A
32,44,C
99,38,B
11,75,B
75,30,B
63,75,B
61,43,B
27,52,C
58,61,B
100,50,A
91,100,A
14,73,B
62,15,C
28,93,B
44,31,C
37,81,B
97,12,B
18,39,C
45,69,B
55,71,B
24,94,B
54,63,B
27,72,B
78,93,A
61,18,C
68,29,B
25,87,B
73,79,A
78,88,A
48,100,A
55,37,B
37,22,C
30,97,B
90,92,A
94,27,B
98,87,A
79,61,A
29,58,B
90,78,A
24,26,C
51,93,A
55,10,C
82,22,B
17,37,C
75,15,B
41,18,C
71,63,B
55,39,B
64,85,A
50,51,B
40,69,B
80,25,B
12,53,C
30,93,B
22,23,C
45,21,C
64,11,C
63,72,B
38,80,B
27,92,B
53,74,B
20,87,B
19,56,C
95,53,A
33,46,C
19,41,C
96,48,A
29,26,C
21,89,B
55,85,A
68,11,C
57,57,B
69,76,A
98,84,A
74,81,A
16,90,B
76,68,A
42,18,C
31,98,B
43,54,B
61,42,B
78,57,B
42,55,B
11,58,C
53,61,B
51,34,B
44,79,B
48,54,B
23,38,C
70,68,B
97,58,A
30,13,C
11,66,C
25,80,B
88,51,B
85,62,A
60,21,B
85,75,A
85,87,A
71,53,B
31,84,B
80,91,A
22,40,C
98,88,A
34,20,C
65,83,A
28,78,B
64,62,B
30,11,C
76,70,A
20,42,C
96,97,A
76,86,A
32,43,C
54,55,B
74,75,A
48,19,C
89,63,A
51,31,B
91,43,B
17,82,B
64,88,A
96,84,A
70,12,B
37,97,B
53,17,C
48,50,B
85,20,B
47,20,C
79,96,A
47,29,C
46,43,B
70,36,B
17,35,C
57,66,B
59,53,B
35,55,B
66,65,B
100,22,B
42,33,C
40,50,B
18,100,B
100,95,A
61,96,A
40,25,C
60,84,A
54,97,A
79,89,A
54,24,C
70,30,B
93,82,A
62,63,B
56,50,B
22,62,B
82,56,B
60,76,B
51,20,C
73,67,A
41,61,B
94,30,B
76,61,B
50,83,B
46,63,B
54,51,B
79,94,A
44,14,C
88,77,A
57,74,B
92,36,B
31,52,B
35,15,C
38,61,B
11,60,C
93,94,A
37,50,B
30,47,C
74,17,B
48,17,C
30,23,C
57,64,B
69,79,A
75,59,B
33,10,C
21,53,C
64,48,B
61,30,B
22,79,B
37,13,C
46,77,B
73,52,B
11,87,B
42,81,B
91,50,A
80,57,B
49,87,B
63,53,B
15,94,B
51,54,B
90,57,A
18,98,B
43,49,B
61,91,A
68,19,B
64,77,A
45,79,B
55,55,B
26,46,C
29,53,B
23,13,C
91,54,A
65,97,A
78,12,B
66,10,C
72,98,A
27,81,B
79,95,A
10,60,C
87,88,A
89,16,B
49,50,B
86,36,B
13,15,C
21,11,C
45,26,C
56,55,B
96,96,A
20,19,C
58,92,A
76,19,B
46,69,B
50,93,A
39,88,B
86,20,B
23,84,B
87,27,B
84,94,A
68,38,B
37,51,B
61,68,B
99,76,A
22,74,B
61,66,B
70,50,B
27,28,C
53,45,B
88,82,A
78,63,A
72,19,B
10,75,B
18,87,B
76,100,A
13,14,C
41,33,C
75,83,A
85,37,B
71,65,B
51,80,B
13,11,C
30,91,B
13,96,B
77,62,B
67,37,B
79,100,A
40,66,B
32,63,B
50,78,B
77,30,B
11,64,C
56,99,A
51,21,C
76,59,B
41,24,C
36,22,C
34,32,C
15,15,C
48,63,B
61,75,B
97,74,A
56,15,C
36,12,C
21,96,B
34,37,C
99,95,A
90,69,A
30,11,C
24,11,C
76,71,A
40,10,C
19,11,C
18,87,B
93,46,B
85,34,B
35,33,C
26,33,C
87,65,A
64,33,B
33,18,C
94,80,A
62,87,A
89,56,A
80,97,A
76,62,B
22,97,B
90,48,B
66,22,B
40,64,B
24,74,B
16,16,C
65,11,C
86,73,A
40,48,B
55,31,B
33,12,C
66,57,B
40,37,C
32,47,C
18,72,B
68,67,B
55,16,C
91,49,A
39,84,B
44,10,C
55,85,A
63,89,A
39,18,C
97,98,A
32,33,C
52,41,B
23,43,C
34,36,C
17,99,B
85,20,B
80,100,A
52,69,B
21,34,C
28,31,C
51,74,B
31,83,B
76,18,B
51,51,B
38,84,B
55,55,B
76,86,A
59,12,C
22,98,B
72,52,B
40,94,B
36,91,B
38,88,B
31,30,C
91,28,B
57,70,B
38,16,C
63,27,B
25,84,B
76,10,B
51,39,B
46,80,B
37,27,C
81,100,A
60,28,B
87,85,A
66,66,B
28,51,C
21,63,B
86,21,B
25,15,C
76,10,B
53,40,B
75,66,A
28,95,B
15,33,C
46,55,B
76,25,B
100,31,B
65,74,B
97,25,B
53,85,B
92,10,B
95,29,B
41,38,C
74,96,A
40,67,B
91,28,B
32,79,B
13,16,C
87,68,A
58,79,B
69,35,B
31,52,B
80,47,B
14,73,B
29,59,B
33,27,C
78,20,B
12,54,C
19,47,C
75,28,B
85,74,A
65,92,A
64,35,B
12,27,C
47,72,B
55,58,B
56,44,B
68,72,A
100,17,B
18,26,C
100,31,B
82,14,B
58,88,A
69,75,A
75,19,B
24,76,B
32,33,C
46,61,B
21,28,C
87,19,B
35,65,B
63,51,B
37,52,B
70,56,B
21,81,B
13,35,C
18,97,B
68,84,A
70,52,B
85,91,A
74,23,B
41,81,B
25,55,B
28,58,B
55,49,B
73,13,B
36,71,B
37,31,C
82,43,B
24,42,C
68,52,B
21,10,C
36,75,B
84,64,A
35,47,B
33,25,C
27,22,C
23,72,B
92,91,A
24,10,C
70,96,A
56,41,B
53,33,B
16,100,B
100,71,A
60,97,A
99,71,A
37,74,B
36,10,C
91,51,A
38,71,B
30,10,C
32,20,C
88,93,A
20,38,C
26,22,C
33,60,B
37,46,B
96,26,B
78,92,A
26,47,C
51,78,B
93,62,A
57,36,B
67,31,B
11,85,B
28,16,C
60,15,C
82,24,B
81,85,A
92,40,B
40,38,C
69,93,A
38,15,C
83,76,A
54,24,C
92,43,B
38,32,C
69,75,A
38,44,B
68,23,B
18,24,C
58,14,C
37,14,C
59,41,B
94,88,A
98,39,B
12,10,C
46,51,B
32,86,B
42,46,B
47,51,B
51,30,B
34,63,B
58,67,B
30,69,B
99,62,A
64,32,B
60,77,B
69,94,A
18,73,B
83,50,B
55,15,C
34,27,C
71,74,A
75,45,B
52,95,A
23,28,C
93,59,A
18,82,B
62,24,B
99,15,B
58,79,B
60,25,B
75,12,B
73,45,B
20,98,B
14,17,C
55,91,A
98,23,B
72,89,A
100,22,B
85,57,A
91,30,B
72,35,B
51,53,B
23,30,C
15,31,C
29,71,B
13,97,B
53,92,A
33,78,B
99,23,B
19,86,B
20,16,C
81,83,A
27,65,B
46,24,C
31,14,C
34,68,B
77,33,B
37,25,C
25,31,C
14,65,C
16,48,C
79,63,A
62,25,B
10,52,C
55,17,C
29,13,C
64,84,A
33,17,C
65,95,A
25,95,B
53,32,B
19,76,B
68,23,B
22,81,B
26,60,B
36,29,C
30,85,B
12,54,C
79,61,A
80,83,A
82,43,B
66,23,B
26,36,C
35,18,C
97,24,B
95,67,A
65,15,B
30,74,B
46,12,C
61,89,A
96,50,A
44,89,B
61,81,A
41,26,C
75,48,B
42,97,B
75,84,A
18,92,B
30,11,C
28,84,B
77,54,B
86,26,B
57,95,A
14,64,C
64,68,B
50,94,A
90,44,B
29,90,B
44,18,C
14,30,C
63,18,B
64,36,B
53,96,A
15,58,C
12,38,C
10,23,C
96,51,A
83,75,A
93,39,B
94,72,A
50,36,B
26,53,C
65,71,B
97,51,A
79,40,B
75,60,B
10,24,C
94,23,B
84,47,B
96,20,B
32,53,B
24,38,C
37,63,B
93,18,B
18,85,B
35,23,C
83,70,A
40,75,B
53,34,B
18,56,C
64,37,B
70,51,B
63,40,B
10,74,B
76,93,A
95,27,B
14,45,C
36,46,B
22,51,C
51,13,C
95,65,A
90,75,A
47,28,C
69,34,B
47,66,B
92,10,B
43,82,B
10,27,C
72,32,B
21,92,B
22,66,B
52,96,A
63,24,B
53,79,B
35,78,B
75,92,A
61,57,B
86,18,B
84,73,A
83,48,B
52,20,C
59,17,C
49,32,B
62,34,B
19,80,B
26,39,C
26,47,C
94,65,A
61,28,B
98,25,B
22,41,C
46,62,B
95,60,A
12,76,B
40,14,C
75,90,A
24,51,C
41,80,B
74,81,A
47,35,B
27,22,C
94,35,B
39,25,C
20,85,B
30,69,B
56,20,C
16,59,C
77,75,A
75,57,B
18,23,C
53,16,C
67,73,A
13,73,B
46,60,B
69,76,A
44,73,B
32,19,C
92,31,B
29,72,B
89,77,A
99,69,A
44,71,B
62,97,A
71,72,A
26,98,B
96,39,B
41,35,C
55,65,B
24,86,B
79,69,A
60,19,C
56,45,B
34,25,C
60,69,B
60,11,C
61,57,B
77,78,A
39,93,B
15,64,C
66,97,A
14,71,B
26,99,B
57,99,A
68,20,B
59,35,B
10,16,C
39,78,B
49,90,B
57,14,C
43,62,B
83,100,A
15,79,B
26,66,B
58,89,A
65,83,A
52,16,C
96,23,B
54,57,B
31,36,C
10,65,C
66,79,A
79,61,A
56,62,B
93,34,B
24,98,B
21,59,B
75,40,B
52,41,B
60,39,B
75,89,A
65,15,B
44,73,B
57,94,A
41,61,B
14,51,C
84,13,B
62,97,A
48,43,B
14,38,C
85,97,A
12,38,C
40,88,B
37,97,B
59,36,B
10,75,B
91,72,A
62,64,B
46,88,B
63,12,C
18,34,C
42,22,C
82,10,B
78,54,B
38,31,C
41,40,B
39,99,B
80,62,A
65,32,B
95,87,A
74,84,A
79,49,B
76,69,A
78,69,A
79,80,A
70,93,A
19,22,C
81,39,B
80,11,B
61,57,B
61,82,A
69,54,B
53,10,C
26,91,B
42,65,B
59,38,B
99,35,B
39,65,B
19,76,B
62,30,B
56,52,B
47,41,B
46,40,B
17,73,B
34,58,B
99,60,A
64,96,A
18,17,C
82,68,A
42,82,B
85,74,A
80,64,A
79,30,B
55,92,A
26,79,B
21,72,B
31,51,B
83,83,A
41,75,B
18,84,B
76,35,B
32,29,C
93,79,A
26,79,B
58,73,B
31,99,B
59,53,B
12,10,C
27,19,C
83,74,A
97,60,A
88,32,B
97,58,A
56,62,B
30,19,C
20,69,B
70,58,B
94,95,A
73,35,B
97,67,A
52,12,C
98,87,A
58,63,B
59,30,B
47,53,B
98,28,B
96,27,B
11,82,B
60,97,A
88,99,A
85,93,A
84,59,A
34,76,B
95,71,A
57,91,A
42,10,C
35,71,B
70,82,A
47,100,A
30,19,C
59,18,C
28,31,C
53,90,A
30,81,B
29,71,B
26,26,C
79,14,B
77,93,A
44,34,C
70,23,B
34,92,B
41,57,B
77,85,A
86,20,B
88,45,B
36,29,C
27,23,C
38,100,B
62,44,B
100,70,A
70,47,B
93,32,B
90,74,A
84,86,A
55,15,C
24,59,B
84,30,B
65,39,B
66,22,B
68,95,A
52,90,A
38,91,B
67,10,C
51,16,C
75,38,B
95,68,A
15,59,C
10,21,C
32,83,B
42,70,B
47,60,B
90,62,A
42,16,C
71,10,B
71,84,A
92,91,A
13,82,B
83,37,B
89,52,A
58,17,C
22,70,B
44,35,C
98,58,A
69,33,B
60,51,B
18,69,B
86,87,A
90,17,B
46,22,C
28,57,B
27,93,B
50,51,B
35,46,B
38,38,C
72,85,A
58,91,A
78,41,B
79,82,A
89,66,A
32,92,B
79,94,A
45,63,B
46,36,B
14,70,B
85,27,B
12,90,B
83,60,A
34,68,B
11,78,B
57,32,B
82,36,B
13,48,C
54,18,C
56,13,C
41,44,B
84,85,A
54,71,B
36,35,C
74,56,B
79,53,B
98,58,A
65,95,A
77,94,A
87,88,A
32,71,B
55,94,A
12,43,C
46,38,B
96,55,A
57,87,A
73,38,B
44,63,B
72,36,B
21,95,B
60,73,B
79,63,A
77,45,B
10,96,B
56,36,B
84,90,A
13,13,C
46,92,B
62,56,B
85,15,B
92,17,B
67,50,B
82,98,A
30,34,C
32,98,B
96,66,A
81,62,A
50,46,B
31,38,C
67,88,A
70,11,B
72,44,B
37,19,C
16,39,C
99,95,A
54,47,B
23,81,B
41,95,B
46,86,B
39,32,C
10,14,C
55,98,A
27,25,C
81,27,B
46,17,C
77,20,B
44,83,B
25,84,B
79,94,A
95,32,B
32,83,B
79,57,B
67,60,B
44,70,B
48,10,C
40,93,B
59,66,B
75,74,A
31,22,C
96,10,B
86,34,B
39,90,B
24,62,B
88,12,B
50,86,B
36,17,C
29,93,B
75,13,B
70,12,B
86,29,B
90,31,B
55,88,A
38,15,C
73,80,A
85,57,A
38,93,B
55,12,C
74,65,B
33,22,C
75,78,A
92,71,A
67,46,B
97,21,B
85,100,A
75,82,A
79,38,B
62,42,B
85,63,A
90,20,B
63,12,C
59,86,A
86,39,B
91,28,B
12,49,C
86,76,A
51,79,B
19,91,B
36,76,B
64,96,A
65,89,A
100,53,A
83,58,A
88,13,B
40,22,C
11,17,C
84,73,A
15,38,C
76,12,B
20,91,B
84,43,B
68,59,B
82,38,B
38,35,C
25,46,C
100,37,B
20,24,C
17,79,B
65,69,B
13,98,B
48,35,B
94,12,B
46,33,C
45,54,B
99,98,A
97,35,B
30,64,B
12,91,B
29,73,B
84,60,A
99,81,A
76,61,B
69,99,A
58,81,B
16,15,C
36,51,B
67,49,B
97,16,B
47,61,B
42,46,B
85,100,A
60,81,A
50,62,B
21,78,B
38,23,C
53,54,B
21,73,B
28,22,C
66,51,B
20,70,B
94,34,B
20,17,C
52,22,C
95,24,B
39,82,B
31,61,B
90,39,B
29,16,C
76,82,A
44,15,C
96,20,B
15,55,C
76,51,B
46,34,B
49,85,B
99,67,A
44,75,B
18,21,C
53,48,B
29,91,B
38,25,C
26,59,B
12,29,C
72,43,B
99,71,A
19,70,B
94,76,A
12,28,C
57,31,B
55,20,C
49,70,B
76,78,A
57,86,A
30,39,C
51,97,A
56,41,B
60,31,B
25,56,B
89,67,A
17,12,C
40,26,C
58,77,B
89,85,A
48,31,C
55,70,B
67,24,B
61,72,B
54,84,B
29,78,B
30,85,B
10,75,B
38,33,C
97,53,A
20,68,B
72,47,B
41,100,A
85,52,B
79,67,A
84,18,B
40,84,B
89,85,A
50,89,B
76,28,B
15,23,C
35,53,B
52,75,B
62,18,B
67,46,B
16,48,C
42,80,B
69,38,B
56,14,C
64,97,A
53,66,B
51,47,B
98,33,B
17,63,B
85,49,B
51,57,B
29,48,C
78,29,B
50,22,C
81,97,A
86,73,A
31,45,C
98,50,A
28,61,B
79,68,A
54,46,B
84,97,A
78,61,B
96,77,A
70,16,B
23,58,B
91,75,A
83,50,B
75,70,A
70,73,A
50,51,B
46,16,C
97,77,A
69,60,B
26,89,B
15,59,C
83,81,A
50,65,B
69,34,B
83,66,A
67,58,B
15,48,C
41,100,A
65,59,B
73,59,B
35,76,B
58,37,B
46,28,C
18,35,C
14,58,C
79,40,B
79,24,B
62,57,B
36,76,B
30,87,B
82,51,B
32,89,B
94,15,B
95,82,A
29,70,B
25,54,C
56,79,B
97,46,A
53,53,B
71,38,B
11,60,C
18,43,C
32,53,B
62,11,C
37,98,B
16,100,B
54,99,A
19,77,B
59,72,B
78,87,A
47,56,B
51,23,C
23,44,C
47,79,B
73,22,B
72,17,B
74,68,A
68,51,B
12,45,C
81,35,B
51,35,B
57,28,B
82,36,B
38,83,B
94,64,A
30,33,C
79,64,A
88,47,B
25,26,C
34,64,B
10,73,B
99,37,B
17,62,C
39,46,B
79,29,B
57,20,C
67,22,B
74,12,B
70,89,A
13,100,B
62,48,B
40,57,B
52,54,B
61,65,B
20,71,B
19,69,B
92,68,A
33,21,C
69,16,B
27,96,B
10,30,C
24,89,B
82,17,B
21,100,B
81,50,B
16,20,C
30,34,C
58,28,B
98,27,B
36,56,B
74,40,B
66,91,A
36,97,B
24,26,C
93,36,B
43,49,B
72,10,B
11,56,C
90,15,B
80,81,A
71,70,A
90,84,A
75,74,A
19,82,B
32,50,B
95,67,A
93,30,B
15,43,C
77,49,B
59,51,B
99,59,A
57,89,A
89,70,A
80,72,A
100,61,A
70,53,B
83,56,B
66,50,B
78,19,B
56,81,B
15,65,B
93,44,B
89,43,B
73,100,A
45,22,C
69,61,B
99,51,A
47,78,B
27,37,C
69,50,B
63,63,B
85,52,B
95,37,B
55,98,A
74,97,A
75,55,B
40,61,B
59,91,A
64,70,B
92,29,B
56,75,B
14,51,C
14,24,C
81,12,B
74,88,A
39,80,B
43,83,B
15,11,C
31,80,B
87,83,A
82,87,A
93,30,B
66,87,A
82,47,B
19,65,B
95,10,B
30,90,B
14,21,C
24,35,C
76,26,B
62,83,A
78,81,A
17,49,C
88,97,A
24,83,B
83,63,A
14,87,B
28,57,B
28,12,C
98,73,A
97,22,B
46,68,B
23,15,C
68,44,B
99,80,A
52,56,B
34,30,C
82,54,B
98,43,A
35,84,B
57,70,B
51,11,C
75,97,A
91,18,B
83,74,A
32,86,B
16,73,B
50,45,B
45,31,C
71,73,A
16,50,C
57,35,B
79,45,B
41,70,B
59,42,B
31,25,C
83,96,A
33,30,C
23,90,B
55,74,B
37,10,C
23,30,C
47,60,B
16,32,C
15,75,B
52,18,C
22,59,B
76,53,B
79,91,A
53,64,B
84,43,B
99,10,B
85,57,A
52,21,C
18,13,C
37,21,C
89,89,A
96,73,A
42,90,B
26,68,B
18,76,B
66,20,B
70,81,A
30,70,B
39,25,C
89,40,B
95,78,A
44,51,B
68,68,B
25,64,B
63,36,B
90,52,A
97,97,A
89,96,A
29,73,B
17,81,B
71,37,B
47,41,B
50,82,B
60,100,A
55,37,B
27,50,C
93,14,B
64,92,A
78,79,A
92,59,A
54,73,B
66,100,A
71,56,B
12,20,C
99,56,A
22,52,C
73,13,B
85,18,B
80,66,A
11,14,C
34,21,C
38,47,B
31,66,B
28,23,C
76,28,B
58,50,B
11,24,C
100,82,A
97,46,A
42,23,C
52,15,C
44,64,B
33,24,C
68,25,B
51,16,C
72,59,B
28,53,B
26,60,B
23,41,C
26,43,C
64,30,B
49,50,B
10,59,C
95,44,B
53,21,C
64,10,C
25,47,C
62,90,A
60,29,B
36,49,B
72,30,B
86,94,A
29,75,B
48,11,C
64,41,B
67,94,A
13,17,C
60,91,A
97,67,A
85,25,B
96,81,A
55,89,A
86,64,A
14,46,C
49,20,C
96,74,A
95,50,A
89,53,A
59,98,A
10,42,C
58,48,B
69,20,B
92,54,A
79,81,A
54,96,A
61,80,A
45,68,B
48,28,C
13,60,C
50,22,C
23,66,B
96,19,B
73,96,A
76,85,A
79,57,B
12,37,C
88,29,B
98,11,B
59,84,A
43,71,B
53,10,C
95,72,A
94,24,B
15,90,B
11,35,C
43,89,B
46,40,B
30,82,B
49,67,B
36,43,C
59,95,A
63,44,B
72,70,A
71,59,B
26,19,C
28,47,C
62,46,B
25,50,C
100,11,B
57,40,B
25,68,B
70,59,B
53,36,B
43,92,B
74,86,A
15,28,C
87,62,A
74,69,A
66,88,A
56,45,B
48,43,B
80,41,B
70,46,B
35,46,B
68,69,B
83,53,B
41,13,C
35,27,C
29,75,B
73,33,B
100,73,A
60,31,B
83,99,A
56,10,C
32,14,C
64,23,B
25,61,B
73,24,B
21,58,C
67,25,B
66,37,B
34,32,C
16,28,C
18,55,C
23,99,B
10,93,B
36,36,C
13,43,C
92,85,A
68,21,B
26,69,B
51,17,C
29,70,B
60,85,A
43,52,B
22,66,B
71,30,B
37,22,C
80,58,B
90,55,A
88,92,A
26,15,C
10,69,C
94,17,B
45,91,B
42,64,B
16,72,B
78,96,A
49,93,A
88,49,B
87,57,A
77,80,A
20,25,C
16,46,C
11,55,C
16,31,C
20,59,C
88,11,B
24,26,C
28,47,C
90,86,A
86,93,A
95,82,A
84,91,A
88,93,A
59,67,B
62,19,B
74,77,A
30,37,C
86,52,B
89,29,B
57,82,B
72,88,A
21,35,C
25,89,B
37,34,C
90,56,A
32,70,B
54,23,C
31,67,B
46,37,B
97,43,A
14,47,C
41,13,C
100,91,A
92,87,A
91,64,A
32,33,C
50,56,B
11,77,B
44,64,B
33,29,C
98,77,A
93,62,A
33,57,B
70,34,B
97,98,A
34,39,C
17,41,C
53,13,C
34,31,C
82,40,B
23,67,B
94,38,B
90,43,B
40,60,B
87,87,A
19,98,B
34,70,B
45,13,C
91,10,B
85,93,A
43,37,B
22,30,C
58,57,B
97,19,B
11,94,B
72,99,A
74,36,B
68,64,B
61,77,B
78,29,B
28,21,C
94,37,B
86,40,B
50,44,B
73,63,B
24,80,B
43,51,B
32,100,B
36,14,C
89,46,B
19,49,C
10,74,B
39,90,B
13,26,C
15,41,C
36,95,B
71,57,B
99,50,A
47,79,B
65,25,B
71,15,B
51,54,B
82,66,A
48,63,B
79,30,B
36,57,B
29,89,B
86,98,A
21,85,B
56,19,C
87,30,B
73,17,B
51,36,B
96,93,A
52,48,B
52,99,A
22,26,C
10,30,C
13,39,C
54,90,A
92,28,B
69,72,A
98,32,B
10,74,B
99,56,A
16,17,C
43,20,C
25,58,B
61,60,B
82,99,A
99,41,A
91,46,B
78,19,B
29,95,B
64,46,B
14,87,B
72,59,B
65,77,A
89,30,B
78,79,A
33,51,B
67,28,B
88,83,A
61,32,B
96,45,A
79,94,A
19,15,C
53,48,B
79,33,B
86,56,A
55,91,A
86,71,A
96,33,B
57,15,C
65,22,B
13,48,C
90,94,A
23,53,C
44,80,B
16,79,B
23,17,C
58,46,B
89,43,B
67,92,A
31,28,C
34,54,B
99,37,B
34,71,B
42,37,C
66,97,A
44,90,B
75,90,A
92,83,A
76,99,A
40,35,C
95,27,B
82,96,A
50,35,B
46,15,C
49,17,C
90,83,A
96,98,A
25,46,C
61,43,B
91,94,A
26,42,C
24,16,C
97,59,A
87,79,A
99,35,B
26,26,C
98,90,A
82,67,A
13,38,C
12,99,B
95,65,A
65,86,A
80,28,B
14,74,B
35,15,C
68,47,B
46,80,B
41,12,C
49,36,B
88,41,B
91,53,A
68,58,B
81,49,B
77,29,B
43,97,A
45,49,B
60,66,B
88,95,A
63,97,A
99,65,A
13,46,C
55,96,A
100,24,B
29,50,C
87,15,B
94,87,A
33,78,B
21,10,C
62,86,A
92,59,A
40,37,C
70,73,A
22,98,B
42,44,B
31,54,B
76,29,B
88,40,B
82,84,A
51,81,B
74,30,B
17,16,C
47,43,B
32,98,B
75,56,B
31,76,B
49,17,C
49,65,B
36,50,B
94,37,B
22,48,C
67,31,B
17,94,B
91,61,A
24,66,B
33,65,B
43,30,C
35,26,C
68,41,B
68,16,B
45,30,C
99,66,A
93,74,A
15,57,C
87,53,A
69,12,B
94,95,A
87,71,A
42,90,B
36,53,B
84,79,A
76,53,B
38,57,B
88,19,B
66,29,B
80,49,B
53,11,C
18,42,C
39,71,B
84,74,A
41,25,C
23,100,B
13,58,C
93,68,A
86,45,B
92,86,A
81,35,B
41,42,B
43,82,B
34,34,C
98,79,A
46,51,B
67,96,A
48,18,C
53,80,B
12,71,B
80,29,B
66,59,B
70,19,B
98,83,A
62,98,A
55,80,B
46,17,C
17,100,B
26,31,C
52,86,B
38,92,B
59,100,A
66,56,B
16,15,C
28,43,C
39,39,C
31,18,C
86,10,B
32,86,B
50,79,B
63,22,B
23,10,C
24,85,B
42,19,C
53,87,A
81,49,B
32,60,B
14,33,C
71,67,B
69,70,B
37,42,C
36,45,B
85,51,B
56,52,B
30,53,B
74,72,A
60,78,B
49,82,B
32,74,B
12,85,B
77,35,B
32,74,B
64,57,B
90,45,B
60,22,B
96,34,B
58,65,B
97,79,A
71,70,A
40,10,C
89,92,A
18,84,B
78,54,B
44,79,B
51,80,B
90,65,A
73,99,A
20,25,C
15,78,B
70,60,B
90,57,A
66,36,B
46,63,B
85,20,B
27,18,C
67,51,B
84,95,A
55,32,B
93,18,B
62,69,B
66,23,B
55,63,B
37,31,C
48,63,B
98,29,B
13,33,C
27,29,C
99,47,A
50,99,A
96,27,B
65,100,A
53,49,B
15,91,B
73,84,A
30,55,B
98,89,A
73,31,B
15,69,B
64,22,B
19,46,C
77,70,A
45,96,A
75,43,B
88,41,B
16,19,C
68,16,B
31,86,B
79,42,B
29,23,C
74,70,A
59,75,B
89,12,B
88,41,B
53,15,C
60,42,B
59,61,B
90,16,B
26,49,C
80,15,B
56,56,B
42,62,B
38,78,B
45,33,C
82,75,A
30,96,B
94,90,A
51,20,C
55,44,B
31,13,C
89,59,A
27,95,B
19,89,B
56,27,B
30,80,B
95,61,A
31,89,B
23,72,B
66,29,B
62,39,B
82,88,A
81,18,B
57,91,A
66,94,A
92,37,B
43,69,B
97,66,A
88,41,B
16,89,B
11,28,C
88,13,B
70,57,B
13,72,B
63,54,B
35,91,B
11,46,C
28,20,C
42,47,B
15,68,B
67,72,B
67,71,B
31,79,B
92,45,B
52,20,C
97,76,A
99,92,A
73,24,B
73,10,B
24,16,C
37,12,C
57,73,B
75,60,B
85,48,B
69,71,A
100,62,A
75,99,A
70,60,B
47,27,C
38,80,B
95,80,A
36,69,B
47,68,B
30,49,C
64,86,A
99,89,A
32,90,B
84,69,A
89,43,B
74,45,B
61,76,B
20,44,C
55,40,B
87,86,A
54,33,B
43,76,B
63,64,B
56,24,B
57,95,A
14,33,C
24,73,B
18,87,B
79,31,B
66,100,A
10,75,B
91,80,A
92,13,B
85,70,A
30,18,C
20,92,B
64,77,A
23,39,C
71,76,A
40,73,B
98,10,B
10,32,C
48,19,C
93,17,B
32,95,B
19,41,C
60,45,B
70,97,A
25,49,C
43,76,B
72,56,B
66,35,B
100,73,A
41,40,B
65,14,C
28,45,C
74,61,B
85,17,B
59,94,A
31,87,B
28,79,B
97,98,A
76,83,A
58,11,C
67,39,B
90,15,B
89,81,A
52,73,B
17,66,B
15,50,C
71,49,B
69,91,A
90,87,A
47,69,B
53,66,B
22,97,B
40,15,C
12,89,B
40,60,B
91,83,A
17,30,C
51,90,A
70,88,A
43,75,B
93,78,A
34,37,C
61,27,B
43,27,C
72,90,A
67,64,B
98,41,B
51,12,C
45,17,C
87,30,B
88,31,B
82,70,A
33,72,B
52,73,B
47,86,B
86,83,A
28,98,B
70,98,A
83,63,A
75,43,B
100,33,B
31,92,B
61,79,A
26,16,C
80,63,A
25,48,C
59,37,B
86,11,B
76,55,B
76,29,B
63,22,B
29,20,C
10,66,C
39,93,B
95,67,A
46,88,B
45,46,B
96,29,B
96,39,B
53,35,B
48,17,C
75,21,B
94,74,A
53,17,C
37,33,C
26,92,B
14,38,C
85,92,A
83,35,B
71,33,B
93,25,B
91,31,B
62,83,A
40,52,B
65,75,A
13,52,C
86,57,A
89,31,B
22,71,B
15,88,B
95,89,A
24,24,C
12,79,B
60,49,B
63,82,A
93,84,A
93,55,A
59,10,C
30,43,C
26,57,B
93,81,A
84,99,A
76,17,B
85,57,A
100,51,A
11,15,C
79,26,B
87,45,B
69,98,A
61,98,A
66,83,A
92,62,A
88,47,B
21,97,B
53,43,B
44,46,B
53,18,C
30,63,B
97,47,A
88,22,B
77,58,B
94,13,B
38,53,B
14,79,B
44,47,B
59,28,B
37,74,B
55,77,B
15,56,C
98,62,A
68,19,B
83,45,B
14,32,C
88,23,B
87,52,B
80,17,B
15,93,B
27,73,B
42,68,B
53,67,B
15,76,B
83,36,B
69,23,B
96,51,A
98,24,B
81,32,B
93,55,A
32,38,C
86,32,B
42,40,B
60,37,B
31,99,B
41,85,B
32,39,C
81,34,B
95,55,A
43,92,B
14,59,C
65,95,A
57,73,B
83,36,B
52,12,C
98,11,B
87,67,A
24,55,C
44,62,B
62,55,B
74,47,B
84,100,A
51,55,B
17,30,C
27,41,C
25,99,B
99,11,B
47,94,A
10,77,B
71,32,B
30,76,B
65,21,B
16,81,B
29,76,B
71,24,B
81,24,B
35,63,B
15,93,B
29,25,C
20,29,C
95,16,B
52,81,B
73,18,B
37,10,C
90,66,A
11,95,B
76,52,B
95,81,A
98,89,A
29,88,B
66,37,B
96,73,A
44,95,B
25,40,C
66,47,B
80,72,A
43,91,B
31,86,B
94,21,B
35,23,C
85,45,B
100,43,A
51,15,C
15,22,C
67,89,A
88,63,A
18,99,B
82,73,A
85,59,A
22,61,B
55,80,B
59,36,B
39,85,B
24,25,C
47,71,B
29,90,B
45,11,C
14,42,C
94,10,B
99,67,A
60,87,A
35,33,C
25,58,B
17,14,C
22,53,C
39,93,B
13,73,B
87,59,A
18,59,C
88,71,A
15,93,B
91,19,B
30,60,B
59,59,B
29,38,C
44,15,C
77,75,A
63,13,C
27,23,C
39,13,C
38,55,B
41,64,B
35,43,C
85,25,B
40,92,B
71,62,B
15,28,C
73,21,B
32,54,B
75,34,B
68,20,B
71,86,A
53,52,B
43,40,B
93,65,A
72,10,B
24,30,C
66,77,A
43,86,B
69,24,B
86,85,A
82,48,B
85,85,A
47,35,B
26,72,B
79,67,A
82,89,A
29,66,B
15,27,C
48,68,B
82,65,A
21,83,B
53,58,B
35,82,B
57,18,C
63,19,B
67,68,B
39,19,C
96,36,B
92,44,B
38,54,B
37,99,B
45,78,B
46,81,B
100,53,A
40,38,C
17,63,B
65,58,B
42,81,B
37,80,B
43,64,B
15,82,B
57,79,B
94,29,B
19,69,B
25,16,C
25,40,C
35,90,B
71,80,A
82,78,A
47,64,B
63,37,B
99,80,A
30,82,B
50,10,C
92,76,A
62,75,B
75,40,B
53,16,C
11,67,C
79,43,B
66,31,B
52,60,B
92,72,A
88,34,B
35,80,B
12,64,C
78,41,B
66,17,B
21,94,B
23,26,C
64,10,C
57,82,B
28,24,C
63,74,B
21,71,B
48,61,B
97,24,B
90,31,B
75,31,B
85,92,A
35,75,B
14,12,C
37,93,B
14,13,C
55,27,B
50,42,B
10,72,B
38,99,B
13,90,B
66,77,A
19,61,B
38,12,C
59,87,A
71,42,B
83,66,A
59,18,C
98,25,B
26,37,C
99,34,B
52,20,C
93,10,B
54,92,A
31,49,B
22,26,C
70,75,A
12,27,C
33,28,C
21,48,C
28,15,C
94,90,A
90,69,A
96,97,A
80,50,B
43,87,B
64,88,A
15,94,B
88,12,B
81,63,A
56,89,A
54,22,C
84,52,B
97,96,A
81,21,B
33,29,C
49,100,A
19,52,C
30,32,C
55,53,B
32,55,B
27,28,C
74,14,B
86,61,A
77,15,B
90,20,B
84,21,B
11,42,C
69,77,A
81,96,A
34,62,B
55,67,B
24,26,C
72,50,B
100,55,A
79,93,A
82,49,B
33,76,B
52,74,B
39,98,B
11,39,C
38,59,B
99,75,A
34,61,B
59,47,B
16,56,C
99,54,A
90,19,B
27,70,B
27,95,B
32,78,B
96,95,A
68,94,A
17,26,C
93,81,A
37,95,B
73,51,B
78,49,B
29,22,C
26,32,C
48,62,B
53,91,A
31,76,B
51,53,B
12,80,B
43,46,B
94,73,A
66,80,A
30,43,C
68,41,B
89,82,A
62,64,B
59,73,B
36,98,B
69,22,B
17,66,B
60,79,B
58,74,B
67,80,A
45,73,B
16,28,C
64,19,B
90,75,A
27,58,B
14,13,C
99,97,A
33,43,C
28,61,B
57,54,B
97,74,A
74,62,B
95,33,B
95,99,A
96,85,A
47,39,B
33,91,B
70,20,B
76,54,B
48,40,B
36,60,B
59,94,A
31,12,C
11,81,B
13,75,B
52,99,A
91,12,B
85,68,A
78,91,A
14,87,B
33,26,C
59,56,B
32,10,C
41,56,B
62,38,B
62,20,B
40,37,C
20,99,B
73,22,B
77,29,B
30,10,C
13,15,C
36,62,B
82,86,A
31,48,C
88,45,B
36,77,B
87,52,B
54,36,B
51,39,B
87,36,B
56,48,B
88,25,B
69,91,A
48,33,B
68,14,B
95,24,B
23,70,B
65,66,B
77,67,A
67,41,B
52,30,B
13,63,C
25,19,C
56,60,B
17,38,C
70,79,A
17,68,B
45,77,B
51,100,A
16,97,B
63,25,B
100,84,A
60,54,B
40,62,B
97,10,B
67,33,B
67,23,B
11,41,C
64,74,B
75,60,B
85,39,B
52,60,B
27,18,C
13,77,B
65,31,B
39,60,B
44,71,B
53,67,B
76,95,A
51,52,B
59,37,B
35,61,B
70,82,A
77,59,B
67,63,B
33,45,C
42,40,B
92,23,B
61,17,C
80,19,B
18,60,C
20,41,C
93,51,A
78,28,B
85,47,B
59,22,B
12,77,B
87,22,B
66,82,A
24,79,B
71,25,B
54,12,C
81,78,A
59,60,B
48,11,C
20,40,C
13,67,B
93,12,B
93,28,B
90,87,A
42,33,C
56,21,C
50,56,B
50,14,C
41,61,B
63,56,B
70,26,B
30,29,C
56,16,C
62,99,A
87,65,A
69,92,A
62,89,A
90,65,A
14,27,C
52,31,B
58,33,B
36,85,B
39,25,C
55,100,A
73,12,B
54,38,B
15,29,C
46,85,B
10,45,C
18,98,B
52,40,B
86,87,A
34,83,B
53,61,B
11,69,B
16,20,C
31,62,B
13,83,B
84,65,A
87,15,B
19,95,B
39,71,B
84,93,A
69,66,B
93,24,B
88,60,A
95,30,B
60,90,A
23,62,B
82,13,B
26,100,B
26,85,B
77,40,B
22,84,B
54,85,B
77,27,B
31,90,B
27,95,B
73,70,A
47,11,C
32,41,C
25,91,B
34,52,B
76,53,B
14,57,C
11,15,C
64,97,A
16,23,C
35,67,B
65,46,B
59,74,B
13,15,C
24,86,B
77,93,A
97,46,A
75,54,B
65,17,B
60,44,B
50,70,B
39,42,B
21,81,B
61,34,B
53,46,B
96,26,B
61,14,C
12,94,B
71,76,A
74,18,B
82,85,A
16,42,C
22,85,B
65,76,A
65,17,B
98,53,A
41,79,B
22,62,B
61,10,C
86,28,B
67,58,B
11,84,B
15,77,B
99,24,B
69,25,B
68,42,B
27,56,B
83,64,A
57,44,B
42,67,B
92,56,A
86,78,A
60,80,A
44,70,B
97,79,A
65,40,B
14,54,C
54,72,B
96,56,A
67,98,A
24,64,B
23,11,C
94,52,A
11,26,C
80,70,A
46,45,B
66,87,A
69,35,B
73,27,B
33,77,B
10,99,B
28,77,B
92,32,B
24,77,B
10,60,C
26,91,B
46,63,B
78,25,B
68,40,B
10,24,C
30,29,C
90,15,B
97,79,A
95,15,B
82,23,B
27,22,C
38,100,B
54,38,B
42,23,C
24,59,B
10,27,C
91,22,B
13,66,C
73,40,B
20,78,B
34,83,B
42,85,B
43,82,B
66,13,C
82,47,B
76,55,B
82,95,A
67,13,B
44,36,B
67,92,A
41,35,C
56,42,B
94,23,B
98,33,B
60,70,B
94,41,B
33,23,C
35,73,B
44,33,C
31,38,C
58,32,B
94,65,A
24,99,B
32,64,B
19,73,B
49,42,B
73,58,B
32,64,B
34,25,C
56,98,A
60,92,A
32,58,B
71,10,B
87,13,B
89,24,B
41,73,B
26,42,C
51,90,A
17,77,B
72,18,B
95,62,A
26,41,C
22,36,C
71,43,B
14,64,C
32,72,B
100,99,A
15,63,C
91,40,B
87,63,A
19,17,C
57,31,B
100,92,A
80,61,A
42,58,B
37,11,C
65,83,A
55,82,B
31,18,C
71,26,B
35,19,C
85,55,A
39,93,B
19,69,B
45,89,B
31,33,C
51,65,B
13,56,C
23,43,C
73,45,B
14,93,B
43,33,C
76,10,B
46,19,C
49,25,C
70,98,A
37,19,C
11,10,C
92,81,A
97,98,A
67,30,B
76,56,B
51,100,A
47,10,C
49,83,B
99,90,A
70,32,B
58,66,B
92,30,B
28,46,C
60,97,A
36,28,C
27,90,B
59,22,B
96,72,A
11,51,C
56,59,B
56,41,B
11,70,B
28,46,C
58,37,B
91,16,B
19,49,C
95,61,A
69,79,A
73,50,B
28,59,B
39,14,C
92,26,B
67,24,B
15,38,C
58,23,B
16,77,B
20,50,C
69,34,B
41,66,B
28,46,C
52,75,B
41,22,C
47,79,B
51,79,B
53,91,A
55,53,B
89,38,B
53,79,B
55,55,B
26,14,C
20,76,B
89,87,A
39,20,C
19,11,C
79,35,B
91,10,B
35,67,B
23,96,B
99,62,A
20,36,C
52,33,B
75,81,A
21,87,B
52,66,B
94,16,B
25,14,C
13,21,C
81,13,B
94,49,A
99,65,A
20,48,C
43,45,B
41,61,B
48,78,B
41,64,B
67,56,B
83,17,B
71,79,A
42,65,B
43,15,C
48,29,C
94,66,A
74,65,B
16,56,C
36,50,B
55,95,A
34,97,B
33,55,B
98,72,A
36,55,B
30,13,C
79,82,A
42,30,C
81,72,A
80,84,A
81,67,A
22,37,C
28,15,C
47,48,B
47,20,C
34,100,B
17,15,C
61,68,B
13,92,B
67,73,A
24,78,B
82,25,B
14,65,C
73,28,B
94,84,A
65,62,B
24,51,C
12,71,B
97,48,A
53,56,B
81,34,B
20,43,C
81,100,A
99,43,A
23,33,C
33,40,C
15,64,C
26,98,B
58,49,B
77,58,B
63,99,A
86,51,B
23,35,C
66,30,B
58,52,B
79,96,A
48,13,C
93,84,A
24,81,B
78,94,A
85,12,B
14,88,B
40,86,B
85,32,B
41,24,C
14,36,C
19,38,C
86,12,B
59,39,B
14,97,B
74,41,B
26,34,C
54,43,B
67,82,A
18,57,C
72,71,A
85,99,A
33,54,B
48,23,C
63,24,B
49,31,B
98,21,B
83,46,B
79,15,B
69,66,B
43,52,B
56,79,B
10,55,C
29,100,B
60,56,B
45,92,B
67,18,B
96,11,B
80,23,B
13,100,B
46,83,B
76,100,A
12,22,C
89,62,A
41,74,B
58,40,B
26,42,C
63,38,B
13,71,B
25,88,B
81,47,B
15,43,C
22,99,B
41,35,C
47,79,B
49,99,A
92,14,B
39,41,B
22,16,C
14,73,B
80,49,B
17,27,C
41,90,B
74,57,B
51,90,A
47,36,B
54,48,B
38,59,B
26,83,B
29,90,B
86,25,B
14,17,C
32,18,C
61,69,B
69,92,A
86,41,B
70,54,B
37,100,B
98,35,B
66,35,B
23,67,B
80,71,A
37,78,B
34,70,B
84,81,A
38,81,B
28,26,C
44,40,B
88,81,A
12,21,C
98,30,B
53,28,B
44,90,B
30,49,C
27,25,C
81,48,B
91,92,A
86,95,A
66,65,B
72,41,B
44,11,C
14,59,C
49,11,C
45,80,B
14,23,C
20,93,B
68,27,B
47,87,B
67,16,B
97,70,A
16,94,B
18,92,B
43,88,B
60,66,B
21,83,B
100,74,A
98,68,A
84,98,A
80,92,A
26,43,C
56,12,C
52,79,B
17,64,B
96,99,A
94,66,A
16,38,C
22,94,B
59,66,B
78,74,A
50,24,C
11,29,C
29,83,B
13,99,B
86,98,A
66,21,B
76,100,A
71,26,B
80,28,B
56,32,B
46,49,B
51,48,B
19,24,C
29,99,B
91,52,A
75,29,B
11,22,C
48,39,B
80,17,B
96,88,A
31,14,C
94,26,B
31,73,B
69,71,A
38,22,C
74,40,B
35,45,B
19,75,B
36,87,B
24,56,B
14,74,B
16,53,C
97,36,B
49,44,B
100,65,A
33,82,B
89,77,A
87,70,A
88,13,B
44,37,B
35,90,B
24,86,B
53,24,C
71,66,B
46,14,C
11,75,B
72,80,A
74,62,B
30,60,B
74,80,A
49,86,B
72,69,A
54,94,A
12,29,C
74,12,B
45,54,B
100,65,A
38,55,B
18,42,C
22,43,C
25,62,B
16,29,C
55,31,B
61,19,B
81,64,A
47,100,A
46,16,C
41,54,B
47,50,B
47,62,B
72,28,B
75,35,B
78,33,B
46,88,B
25,14,C
86,76,A
46,34,B
11,51,C
76,32,B
82,38,B
17,13,C
45,31,C
34,53,B
91,57,A
51,21,C
83,72,A
50,24,C
31,33,C
38,73,B
39,97,B
97,36,B
75,19,B
79,25,B
83,33,B
72,21,B
86,76,A
65,100,A
60,40,B
32,77,B
72,31,B
21,35,C
40,86,B
43,63,B
71,20,B
51,95,A
82,100,A
85,13,B
47,77,B
77,30,B
43,23,C
47,91,B
99,63,A
68,26,B
52,19,C
55,95,A
82,89,A
40,50,B
70,63,B
16,30,C
84,85,A
61,50,B
96,22,B
99,94,A
81,75,A
75,44,B
26,87,B
93,13,B
72,48,B
13,25,C
71,79,A
79,50,B
96,22,B
51,97,A
58,63,B
14,51,C
66,98,A
26,42,C
99,31,B
85,69,A
59,17,C
45,96,A
52,18,C
65,37,B
84,86,A
50,48,B
91,41,B
96,72,A
41,85,B
100,48,A
28,78,B
28,17,C
57,99,A
29,20,C
20,22,C
71,13,B
69,34,B
39,31,C
31,22,C
99,99,A
58,73,B
35,39,C
65,34,B
58,63,B
58,90,A
90,73,A
74,21,B
44,78,B
78,80,A
77,87,A
99,70,A
44,95,B
33,94,B
41,10,C
41,43,B
14,62,C
88,92,A
55,70,B
45,38,B
51,70,B
96,30,B
83,19,B
100,13,B
25,95,B
19,90,B
54,14,C
75,78,A
51,93,A
67,21,B
74,90,A
33,50,B
54,58,B
88,96,A
21,70,B
36,65,B
45,76,B
24,90,B
44,39,B
80,70,A
28,82,B
48,74,B
22,21,C
61,25,B
15,21,C
54,78,B
44,56,B
95,35,B
80,69,A
76,87,A
77,35,B
11,76,B
79,47,B
76,65,A
46,17,C
77,96,A
75,89,A
26,67,B
64,80,A
51,79,B
89,60,A
65,89,A
88,93,A
33,91,B
89,19,B
14,95,B
31,38,C
28,32,C
33,77,B
45,22,C
22,88,B
10,60,C
69,32,B
42,43,B
48,22,C
50,61,B
53,13,C
16,22,C
73,54,B
88,88,A
72,12,B
77,49,B
16,29,C
42,24,C
60,68,B
33,44,C
83,43,B
84,41,B
21,26,C
46,74,B
92,98,A
84,91,A
76,78,A
69,38,B
26,85,B
53,20,C
82,56,B
13,79,B
17,78,B
90,92,A
12,56,C
58,77,B
65,100,A
93,89,A
82,72,A
34,14,C
26,87,B
73,65,B
59,74,B
12,27,C
62,65,B
62,65,B
20,64,B
95,20,B
25,97,B
60,90,A
48,23,C
50,30,B
89,85,A
15,58,C
18,45,C
93,98,A
11,78,B
34,74,B
100,38,B
50,53,B
94,38,B
19,28,C
81,28,B
95,65,A
22,98,B
77,73,A
95,61,A
64,20,B
30,41,C
68,47,B
100,22,B
51,29,B
88,92,A
19,18,C
37,14,C
96,22,B
69,31,B
84,24,B
29,69,B
82,53,B
84,29,B
42,87,B
78,70,A
93,43,B
82,84,A
48,21,C
48,85,B
27,99,B
12,59,C
84,94,A
34,22,C
34,18,C
71,33,B
60,80,A
85,51,B
64,87,A
99,75,A
98,87,A
80,50,B
45,99,A
19,35,C
58,19,C
18,68,B
46,78,B
83,55,B
100,82,A
83,14,B
73,26,B
17,50,C
65,19,B
42,42,B
18,58,C
83,46,B
29,96,B
42,50,B
90,14,B
15,43,C
11,67,C
50,18,C
89,30,B
45,36,B
14,21,C
76,82,A
28,43,C
96,89,A
30,10,C
93,78,A
92,83,A
43,91,B
86,78,A
40,12,C
24,31,C
99,65,A
86,75,A
69,29,B
84,19,B
33,87,B
70,95,A
86,81,A
33,10,C
77,26,B
77,79,A
34,33,C
21,52,C
16,98,B
82,81,A
62,22,B
28,71,B
36,94,B
70,46,B
79,66,A
84,21,B
45,26,C
54,81,B
11,35,C
14,59,C
76,32,B
29,76,B
83,31,B
59,36,B
68,40,B
50,56,B
92,76,A
82,16,B
42,79,B
13,86,B
13,23,C
16,37,C
13,61,C
32,67,B
96,76,A
13,54,C
99,16,B
66,78,A
27,32,C
27,93,B
63,81,A
58,36,B
88,10,B
69,86,A
70,15,B
92,18,B
89,60,A
45,66,B
77,57,B
57,76,B
99,52,A
57,67,B
24,67,B
67,98,A
59,73,B
20,93,B
39,76,B
54,53,B
75,50,B
78,22,B
100,60,A
21,44,C
79,82,A
100,92,A
38,100,B
74,75,A
62,80,A
37,66,B
89,41,B
97,46,A
38,33,C
72,97,A
55,45,B
56,81,B
60,38,B
13,71,B
70,40,B
41,97,B
88,81,A
56,82,B
44,59,B
86,75,A
97,73,A
13,84,B
79,98,A
41,16,C
66,27,B
70,10,B
28,38,C
41,42,B
58,53,B
64,53,B
54,38,B
82,37,B
47,38,B
87,87,A
31,33,C
83,52,B
42,35,C
20,91,B
10,46,C
99,36,B
59,48,B
51,26,C
93,85,A
100,72,A
66,70,B
36,20,C
75,76,A
42,42,B
11,78,B
55,19,C
89,89,A
20,23,C
14,19,C
19,63,B
77,23,B
50,84,B
62,16,C
59,73,B
17,79,B
21,77,B
32,89,B
56,80,B
97,15,B
68,57,B
33,43,C
42,87,B
35,58,B
24,42,C
70,50,B
36,94,B
63,81,A
16,66,B
31,33,C
69,25,B
66,38,B
15,68,B
24,64,B
85,12,B
92,77,A
92,51,A
22,20,C
30,59,B
68,47,B
63,69,B
82,42,B
33,40,C
56,50,B
49,82,B
93,21,B
71,92,A
23,75,B
83,97,A
80,85,A
58,89,A
87,19,B
32,89,B
42,33,C
57,26,B
84,37,B
72,74,A
30,86,B
21,73,B
42,78,B
18,96,B
58,17,C
54,54,B
56,100,A
86,24,B
50,29,C
39,33,C
18,43,C
65,37,B
63,35,B
74,77,A
34,36,C
21,23,C
100,29,B
21,63,B
16,32,C
56,86,A
34,18,C
86,22,B
91,98,A
31,42,C
41,53,B
59,76,B
28,22,C
72,38,B
48,54,B
52,94,A
67,33,B
95,55,A
92,85,A
14,11,C
56,96,A
15,27,C
37,17,C
44,88,B
91,48,B
40,60,B
63,80,A
100,44,A
44,71,B
40,61,B
71,41,B
25,63,B
27,22,C
21,75,B
21,40,C
96,29,B
100,72,A
49,13,C
30,95,B
57,19,C
46,97,A
51,75,B
30,33,C
73,96,A
50,21,C
13,71,B
66,67,B
92,62,A
90,67,A
99,96,A
61,42,B
82,18,B
16,64,B
78,34,B
16,92,B
25,69,B
12,71,B
78,48,B
44,56,B
31,71,B
42,46,B
85,79,A
11,58,C
79,48,B
38,18,C
18,77,B
69,58,B
12,26,C
35,78,B
45,38,B
78,80,A
50,83,B
10,13,C
14,37,C
30,67,B
82,77,A
67,97,A
53,13,C
71,97,A
87,10,B
31,43,C
43,96,B
67,20,B
73,67,A
55,13,C
39,71,B
34,96,B
70,24,B
32,89,B
43,39,B
79,43,B
29,28,C
85,39,B
32,41,C
46,25,C
100,22,B
25,100,B
84,22,B
18,42,C
89,57,A
55,22,C
14,63,C
43,18,C
48,70,B
22,58,B
69,33,B
54,10,C
33,12,C
33,35,C
60,71,B
19,12,C
98,39,B
90,10,B
83,10,B
40,17,C
44,44,B
72,55,B
63,35,B
98,64,A
14,44,C
62,34,B
34,46,B
17,31,C
32,89,B
16,13,C
69,69,B
19,84,B
43,11,C
59,16,C
91,49,A
87,12,B
100,86,A
38,36,C
79,28,B
21,12,C
98,54,A
39,81,B
73,75,A
83,15,B
56,83,B
48,65,B
83,88,A
54,89,A
67,37,B
58,70,B
11,86,B
23,40,C
29,68,B
41,93,B
61,82,A
50,78,B
71,29,B
94,22,B
44,42,B
70,39,B
12,36,C
19,10,C
18,65,B
45,25,C
53,50,B
19,42,C
45,70,B
48,12,C
13,27,C
78,97,A
18,14,C
37,47,B
60,72,B
39,90,B
17,21,C
69,16,B
68,61,B
66,71,B
30,58,B
47,26,C
36,14,C
26,47,C
46,21,C
54,28,B
34,12,C
78,97,A
83,64,A
36,32,C
92,98,A
74,32,B
84,65,A
46,84,B
59,34,B
83,36,B
68,27,B
72,40,B
67,14,B
53,66,B
54,86,A
83,94,A
31,99,B
80,83,A
45,32,C
54,24,C
95,33,B
44,90,B
73,20,B
41,10,C
11,26,C
94,19,B
82,82,A
97,48,A
16,26,C
32,14,C
15,77,B
68,64,B
19,76,B
71,65,B
74,70,A
43,77,B
26,89,B
10,60,C
28,84,B
81,33,B
62,29,B
71,24,B
94,72,A
41,83,B
29,28,C
87,69,A
80,55,B
10,44,C
25,61,B
46,94,A
89,53,A
38,30,C
68,58,B
73,74,A
76,93,A
74,39,B
92,93,A
62,60,B
50,49,B
40,55,B
43,31,C
19,61,B
27,35,C
81,81,A
95,72,A
80,12,B
80,61,A
89,35,B
21,99,B
57,53,B
61,73,B
92,61,A
92,61,A
36,56,B
44,53,B
30,77,B
55,46,B
90,37,B
68,86,A
73,77,A
54,27,B
25,70,B
84,21,B
54,52,B
13,92,B
38,91,B
78,59,B
52,69,B
55,97,A
28,93,B
15,85,B
50,65,B
60,14,C
22,55,C
57,75,B
82,100,A
81,25,B
80,19,B
37,93,B
66,42,B
63,69,B
56,66,B
59,60,B
98,43,A
36,18,C
48,82,B
35,67,B
68,26,B
26,29,C
62,88,A
29,28,C
49,56,B
83,45,B
41,14,C
86,59,A
97,10,B
90,51,A
17,74,B
24,60,B
95,11,B
94,76,A
19,92,B
32,26,C
16,40,C
48,24,C
82,29,B
30,37,C
17,83,B
27,66,B
75,15,B
62,37,B
48,73,B
20,57,C
42,47,B
44,25,C
83,67,A
100,19,B
92,12,B
16,70,B
95,85,A
56,70,B
78,77,A
62,39,B
10,13,C
57,68,B
57,62,B
73,17,B
92,46,B
38,54,B
41,50,B
11,77,B
43,36,C
29,26,C
14,90,B
18,32,C
38,73,B
33,46,C
58,82,A
98,57,A
80,91,A
60,42,B
34,56,B
97,41,B
78,36,B
63,36,B
30,81,B
68,37,B
36,100,B
57,82,B
71,29,B
48,58,B
50,39,B
36,96,B
92,10,B
44,43,B
67,21,B
22,41,C
89,12,B
34,33,C
73,80,A
68,17,B
89,100,A
27,61,B
85,46,B
19,11,C
82,93,A
92,31,B
21,19,C
46,70,B
53,86,B
88,69,A
58,53,B
49,42,B
89,15,B
62,86,A
94,23,B
99,59,A
85,14,B
36,55,B
31,16,C
91,32,B
54,53,B
26,77,B
37,73,B
91,67,A
11,66,C
28,84,B
89,62,A
72,77,A
10,14,C
21,41,C
21,48,C
97,33,B
10,78,B
30,15,C
69,79,A
63,77,A
57,18,C
38,66,B
20,17,C
32,63,B
55,95,A
73,97,A
96,18,B
75,67,A
86,18,B
95,51,A
73,49,B
34,95,B
23,29,C
15,29,C
61,54,B
63,46,B
30,65,B
11,36,C
98,18,B
63,97,A
72,25,B
97,55,A
52,18,C
80,30,B
67,63,B
78,99,A
65,61,B
100,11,B
12,51,C
92,61,A
25,75,B
84,43,B
91,56,A
63,28,B
22,33,C
10,39,C
68,100,A
82,29,B
12,79,B
80,45,B
31,47,C
28,74,B
32,92,B
40,16,C
26,69,B
99,69,A
66,35,B
64,62,B
65,86,A
28,81,B
82,30,B
96,33,B
82,34,B
12,90,B
39,79,B
36,66,B
49,90,B
39,57,B
45,76,B
100,52,A
58,41,B
78,27,B
34,21,C
89,35,B
23,97,B
72,79,A
76,37,B
56,46,B
67,35,B
34,32,C
22,74,B
64,60,B
66,44,B
73,30,B
49,64,B
44,19,C
11,41,C
40,33,C
25,22,C
36,29,C
91,58,A
97,100,A
82,52,B
52,82,B
94,69,A
18,43,C
30,95,B
98,33,B
47,86,B
92,52,A
83,11,B
40,52,B
51,94,A
72,14,B
28,91,B
71,38,B
10,35,C
41,62,B
83,10,B
31,90,B
24,48,C
41,77,B
95,45,A
39,43,B
91,10,B
80,46,B
12,41,C
30,12,C
26,95,B
39,74,B
98,57,A
76,64,A
39,98,B
54,60,B
36,91,B
22,68,B
42,47,B
76,39,B
44,16,C
64,67,B
35,22,C
25,23,C
12,36,C
92,69,A
67,43,B
26,88,B
99,51,A
18,88,B
78,53,B
95,49,A
84,22,B
15,12,C
65,89,A
81,59,A
29,15,C
60,75,B
76,83,A
62,99,A
76,98,A
66,41,B
63,59,B
53,23,C
64,71,B
17,16,C
78,79,A
54,82,B
57,72,B
16,16,C
54,31,B
52,50,B
44,38,B
58,29,B
65,21,B
51,89,A
78,25,B
96,51,A
29,46,C
90,45,B
63,26,B
24,76,B
40,25,C
23,47,C
22,36,C
71,50,B
16,18,C
39,10,C
59,40,B
54,39,B
55,94,A
71,25,B
31,75,B
12,79,B
57,18,C
36,94,B
48,35,B
38,96,B
72,27,B
62,53,B
19,62,B
52,98,A
46,13,C
39,80,B
79,44,B
24,59,B
74,16,B
93,14,B
83,73,A
32,72,B
37,44,B
57,17,C
34,45,C
57,13,C
24,29,C
15,99,B
66,33,B
12,39,C
87,56,A
51,62,B
17,92,B
76,11,B
23,50,C
34,45,C
54,62,B
57,21,C
89,46,B
36,56,B
16,83,B
70,98,A
50,55,B
79,47,B
100,37,B
25,35,C
54,100,A
28,87,B
66,41,B
41,35,C
46,89,B
55,10,C
99,41,A
56,53,B
83,69,A
53,16,C
56,88,A
94,72,A
45,17,C
47,60,B
63,63,B
87,66,A
17,68,B
61,40,B
70,15,B
84,28,B
95,35,B
74,75,A
41,96,B
71,38,B
67,49,B
97,73,A
19,16,C
96,77,A
84,32,B
84,74,A
84,83,A
25,23,C
41,31,C
53,54,B
86,59,A
79,37,B
29,29,C
73,23,B
87,77,A
17,91,B
28,91,B
72,23,B
70,25,B
55,82,B
51,14,C
51,63,B
29,52,B
46,37,B
82,86,A
98,22,B
98,77,A
76,45,B
14,14,C
60,28,B
24,13,C
20,39,C
36,77,B
21,93,B
65,39,B
19,36,C
85,97,A
45,51,B
60,100,A
96,76,A
38,47,B
81,94,A
56,24,B
93,91,A
66,36,B
95,51,A
41,41,B
32,76,B
27,31,C
31,38,C
87,25,B
19,23,C
10,47,C
39,16,C
67,29,B
91,88,A
74,23,B
100,35,B
86,36,B
73,73,A
70,91,A
19,60,C
15,29,C
55,29,B
15,64,C
55,17,C
52,65,B
53,61,B
83,95,A
52,22,C
40,85,B
59,67,B
95,94,A
22,88,B
24,60,B
96,87,A
15,18,C
40,58,B
37,90,B
81,65,A
80,95,A
44,36,B
85,87,A
17,89,B
95,86,A
46,23,C
16,91,B
45,80,B
48,46,B
81,67,A
49,68,B
43,51,B
24,52,C
80,13,B
22,75,B
69,59,B
65,25,B
56,45,B
38,12,C
76,71,A
47,89,B
33,48,B
17,59,C
23,75,B
32,30,C
35,67,B
91,41,B
59,16,C
62,76,B
62,81,A
58,39,B
13,39,C
13,97,B
98,61,A
21,74,B
93,91,A
98,66,A
59,91,A
11,51,C
75,21,B
27,97,B
82,22,B
33,12,C
38,18,C
55,14,C
35,47,B
58,91,A
94,24,B
66,19,B
52,27,C
61,87,A
76,12,B
87,51,B
32,22,C
44,69,B
39,69,B
34,71,B
45,79,B
65,87,A
31,28,C
39,92,B
97,18,B
70,71,A
94,69,A
38,26,C
96,79,A
100,32,B
84,26,B
32,10,C
14,50,C
73,64,B
74,90,A
96,28,B
71,33,B
91,62,A
18,23,C
10,17,C
25,67,B
75,19,B
36,56,B
13,68,B
21,100,B
31,84,B
56,42,B
94,63,A
89,17,B
96,31,B
77,37,B
95,11,B
68,57,B
51,68,B
58,83,A
64,58,B
35,69,B
43,49,B
34,92,B
54,55,B
25,41,C
29,39,C
69,69,B
14,63,C
97,19,B
50,51,B
21,89,B
58,72,B
56,44,B
59,33,B
49,74,B
55,48,B
29,89,B
17,66,B
35,51,B
12,64,C
100,16,B
44,41,B
43,42,B
14,27,C
100,64,A
83,89,A
28,86,B
65,34,B
13,87,B
26,58,B
58,20,C
10,35,C
13,93,B
19,88,B
40,52,B
74,29,B
37,17,C
46,76,B
88,75,A
61,100,A
47,29,C
70,30,B
44,27,C
20,82,B
89,76,A
56,19,C
16,23,C
42,92,B
84,32,B
97,29,B
70,62,B
64,22,B
17,80,B
84,62,A
35,20,C
33,38,C
66,85,A
15,60,C
32,25,C
43,28,C
75,12,B
48,68,B
49,10,C
58,27,B
24,92,B
82,98,A
86,40,B
69,86,A
24,63,B
68,37,B
56,21,C
19,81,B
32,70,B
21,90,B
42,63,B
83,16,B
45,64,B
34,43,C
30,72,B
81,56,B
38,36,C
35,64,B
49,27,C
28,77,B
56,26,B
23,29,C
71,12,B
12,57,C
65,44,B
28,46,C
94,76,A
48,48,B
85,26,B
56,68,B
91,27,B
37,22,C
84,22,B
17,30,C
51,65,B
52,99,A
51,91,A
63,79,A
76,58,B
75,40,B
80,94,A
91,54,A
70,78,A
67,80,A
93,93,A
74,72,A
20,96,B
50,63,B
21,93,B
68,71,B
79,69,A
76,50,B
38,97,B
42,19,C
94,68,A
51,80,B
28,97,B
81,39,B
61,23,B
91,71,A
93,47,A
79,53,B
18,45,C
47,79,B
75,33,B
73,20,B
10,73,B
10,58,C
40,40,B
10,66,C
38,75,B
93,91,A
29,52,B
97,24,B
39,40,C
60,25,B
76,30,B
46,62,B
71,66,B
85,45,B
84,75,A
88,98,A
27,68,B
80,23,B
97,49,A
59,24,B
33,46,C
73,86,A
26,61,B
21,14,C
99,93,A
67,37,B
28,23,C
55,56,B
31,48,C
48,31,C
69,44,B
20,30,C
86,25,B
56,76,B
22,35,C
41,31,C
95,53,A
75,44,B
68,49,B
75,47,B
28,30,C
12,21,C
53,96,A
44,38,B
27,15,C
19,78,B
19,66,B
48,66,B
15,75,B
34,96,B
100,33,B
52,30,B
99,11,B
71,38,B
94,14,B
31,12,C
48,68,B
51,26,C
51,39,B
93,83,A
67,32,B
42,89,B
47,15,C
85,97,A
68,22,B
26,98,B
50,60,B
62,40,B
37,16,C
26,86,B
54,76,B
82,47,B
51,73,B
56,52,B
78,27,B
31,14,C
28,75,B
51,92,A
87,20,B
47,72,B
58,27,B
36,30,C
93,29,B
73,23,B
25,88,B
41,14,C
64,68,B
80,80,A
80,66,A
15,96,B
47,46,B
13,40,C
10,77,B
57,31,B
60,14,C
11,92,B
55,15,C
35,71,B
90,77,A
55,16,C
73,89,A
10,81,B
68,59,B
99,100,A
91,12,B
22,39,C
11,12,C
35,68,B
34,13,C
35,77,B
50,66,B
68,94,A
38,74,B
63,17,B
80,42,B
29,99,B
23,92,B
91,23,B
12,94,B
34,71,B
10,95,B
100,63,A
21,26,C
44,92,B
63,14,C
39,60,B
42,81,B
21,75,B
76,18,B
60,88,A
22,24,C
59,49,B
17,90,B
69,89,A
31,52,B
68,25,B
97,52,A
18,70,B
94,36,B
46,14,C
76,59,B
52,26,C
31,74,B
45,78,B
30,86,B
85,40,B
12,98,B
90,35,B
85,83,A
10,63,C
16,91,B
16,48,C
50,81,B
87,58,A
85,47,B
68,69,B
60,58,B
40,50,B
71,12,B
82,58,A
26,35,C
73,15,B
68,38,B
89,90,A
13,57,C
78,69,A
72,14,B
50,80,B
69,76,A
24,71,B
25,72,B
12,40,C
13,54,C
35,90,B
41,72,B
13,14,C
59,98,A
76,76,A
69,70,B
